-- phpMyAdmin SQL Dump
-- version 5.1.0
-- https://www.phpmyadmin.net/
--
-- Host: localhost
-- Generation Time: Dec 11, 2021 at 09:39 PM
-- Server version: 10.5.10-MariaDB
-- PHP Version: 7.4.19

SET SQL_MODE = "NO_AUTO_VALUE_ON_ZERO";
START TRANSACTION;
SET time_zone = "+00:00";


/*!40101 SET @OLD_CHARACTER_SET_CLIENT=@@CHARACTER_SET_CLIENT */;
/*!40101 SET @OLD_CHARACTER_SET_RESULTS=@@CHARACTER_SET_RESULTS */;
/*!40101 SET @OLD_COLLATION_CONNECTION=@@COLLATION_CONNECTION */;
/*!40101 SET NAMES utf8mb4 */;

--
-- Database: `giftstop_dastanrab`
--

-- --------------------------------------------------------

--
-- Table structure for table `abouts`
--

CREATE TABLE `abouts` (
  `id` bigint(20) UNSIGNED NOT NULL,
  `detail` text COLLATE utf8mb4_unicode_ci NOT NULL,
  `created_at` timestamp NULL DEFAULT NULL,
  `updated_at` timestamp NULL DEFAULT NULL
) ENGINE=InnoDB DEFAULT CHARSET=utf8mb4 COLLATE=utf8mb4_unicode_ci;

--
-- Dumping data for table `abouts`
--

INSERT INTO `abouts` (`id`, `detail`, `created_at`, `updated_at`) VALUES
(1, 'گیفت استاپ به عنوان یکی از قدیمی ترین فروشندگان محصولات دیجیتالی با بیش از یک دهه تجربه فعالیت خودرا در زمینه فروش گیف با فراهم اوردن محیطی امن و خریدی اسان  اغاز کرد . تیم پشتیبانی گیفت استاپ ۲۴ ساعته اماده پاسخگویی ب انتقادات و پیشنهادات شما عزیزان میباشد .\r\n\r\nداستان شرکت را به اشتراک بگذارد\r\nاجازه دهید صفحه درباره ما بگوید شرکت چگونه شروع به کار کرده است. یک روایت کوتاهی را به اشتراک بگذارید که انگیزه‌ای برای تشکیل شرکت بوده است. یک نوار زمان (timeline) از آنچه که شرکت انجام داده، ارائه کنید. در این صفحه بیان کنید که چرا شرکت شما در مورد آنچه که انجام می‌دهید پر اشتیاق است و اجازه دهید تا افراد با مطالعه این صفحه تا حد بیشتری با شما و نقاط قوتی که شرکت شما با سایر رقبا در حوزه کاری خود دارد، آشنا شوند. مشتریان دوست دارند وضعیت یک کسب و کار را درک کنند.\r\n\r\nدر مورد داستان افراد بگویید\r\nمشتریان می‌دانند که کسب و کار شما بیش از یک نام تجاری است. در مورد بنیانگذاران و مدیران مهم دیگر بیشتر بگویید و حتی در مورد افرادی که مشتریان با آنها ارتباط برقرار می‌کنند بیشتر صحبت کنید. همچنین برای بیان داستان شرکت و افرادی که در آن کار می‌کنند می‌توانید از تصاویر مناسب استفاده کنید. قرار دادن تصاویر پرسنل و مدیران شرکت در این صفحه می‌تواند در برقراری ارتباط و شناخت از شرکت تأثیر قابل توجهی را داشته باشد.\r\n\r\nخصوصیات شرکت را نشان دهید\r\nحتی اگر شرکت شما در یک صنعت مالی محافظه‌کارانه است نشان دادن هویت و خصوصیات آن بدان آسیب نخواهد زد. سعی کنید کمی شوخی و طنز در صفحه درباره ما داشته باشید و در نوشتن مطالب این صفحه منافع کاربران و اینکه کار شما چه مزایایی برای آنها خواهد داشت را لحاظ کنید.\r\n\r\nنکاتی در مورد طراحی صفحه درباره ما\r\nدر اینجا ایده‌هایی که در صفحه درباره ما می‌توانید استفاده کنید بیان می‌شود.\r\n\r\n تصویر و بیوگرافی\r\nحداقل یک تصویر و بیوگرافی از هر کدام از عوامل اجرایی شرکت آپلود کنید. اگر شرکت کوچک است اینکار را با همه کارکنان آن انجام دهید. یک بیوگرافی نشاط آور تولید کنید بدان معنا که کمی خلاق باشد. همچنین می‌توانید تصاویری از محیط شرکت و یا کارخانه، عکس از رویدادهای مهم که در آن شرکت کرده‌اید مانند نمایشگاه‌ها و همایش‌ها قرار دهید تا در برقراری ارتباط و شناخت از شرکت تأثیر زیادی را داشته باشد.\r\n\r\nایجاد ویدئوی مرتبط با شرکت\r\nویدئوی کوتاهی در مورد شرکت خود بسازید که در آن امکانات و خدمات ارائه شده توسط شرکت را به صورت کوتاه نشان دهد. جتی می‌توانید مصاحبه‌هایی را با مالک و سایر افراد مهم در شرکت انجام دهید و آنها را بر روی صفحه درباره ما ارسال کنید.     \r\n\r\nعکس‌ها را به صورت Timeline نشان دهید\r\nآیا شرکت در طول چند سالی که کار می‌کند، عکسها را ذخیره کرده است؟ می‌توانید عکس‌هایی از مکان‌های بازدید شده، تجربیاتی را به دست آورده اید و حتی شروع شرکت عکسهایی بگذارید که این امر کمک می‌کند تا نشان دهید یک شرکت معتبر هستید.\r\n\r\nشامل لینک‌های شبکه‌های اجتماعی باشد\r\nاگر کسب و کار شما دارای حساب‌های شبکه‌ اجتماعی مانند فیسبوک، ایسنتاگرام، لینکدین و دیگر شبکه‌های اجتماعی است، آیکون آنها در صفحه درباره ما قرار دهید تا خوانندگان بتوانند براحتی عضو آنها شوند. \r\n\r\nاشتباهات رایج در ایجاد صفحه درباره ما\r\nاکثر صاحبان کسب و کارها نمی‌دانند که چگونه یک صفحه درباره ما مناسب ایجاد کنند و اغلب در ایجاد آن سهل انگاری و بی‌توجهی می‌کنند. اما صفحه درباره ما در بیشتر وبسایت‌ها یکی از صفحات  پربازدید است و این صفحه به نوعی کاربران را هدایت می‌کند و باعث جلب اعتماد آنها می‌شود. در ادامه نمونه‌هایی از اشتباهات رایج بیان می‌شود:\r\n\r\nبیان طولانی و غیرضروری آنچه که شرکت انجام می‌دهد\r\nاین نکته را باید در نظر گرفت که بسیاری از کاربران دوست دارند در مورد تاریخچه و چگونگی شروع به کار وبسایت و تجربه‌های کاری اطلاع پیدا کنند اما باید مطالب این بخش بسیار خلاصه بیان شود و جزئیاتی که بیان آنها ضرورتی ندارد آورده نشود. همچنین در این قسمت باید به کاربران توضیح داد که مزایای این کسب و کار برای کاربران چیست و چه برتری‌هایی نسبت به افراد دیگر در همین حوزه کاری دارد. بنابراین توضیحات را با زبان ساده و با اندکی طنز به خوانندگان خود ارائه دهید.\r\n\r\nبیان نکردن هدف کلی وبسایت و برتری‌های آن نسبت به دیگران\r\nدر صفحه درباره ما صاحبان وبسایت باید بگونه‌ای در مورد محصولات و یا خدمات خود توضیح دهند که برتری‌های خود را نسبت به رقبا بیشتر بیان کرده و بتوانند کاربران را از کیفیت خدمات یا محصولات مطمئن سازند. همچنین مطالب موجود در صفحه درباره ما باید بگونه‌ای بیان شود که باعث جلب توجه خوانندگان شود و احساس کنند به درستی به وبسایت مراجعه کرده‌اند.\r\n\r\nقرار ندادن اطلاعات تماس و لینک‌های شبکه‌های اجتماعی\r\nبسیاری از افراد روش‌های ارتباطی مانند شماره تلفن یا ایمیل را بسیار با اهمیت می‌دانند و از آن برای سنجش اعتبار یک سایت و اعتماد کردن به آنها در نظر می‌گیرند. علاوه بر این، چون بیشتر افراد وقت خود را در شبکه‌های اجتماعی می‌گذارنند حتما آدرس شبکه‌های اجتماعی خود را در صفحه درباره ما قرار دهید. بنابراین با قرار دادن این اطلاعات کاربران می‌توانند در صورت نیاز به کسب اطلاعات بیشتر با شما ارتباط برقرار کنند. همچنین می‌توانید از نظرات سازنده افراد، در جهت بهبود کسب و کار خود استفاده کنید و گاه این نظرات و پیشنهاداتی که از طریق راه‌های ارتباطی به شما می‌رسد ممکن است به فکر شما نرسیده باشد و بسیار سازنده باشند. در نتیجه قرار ندادن آن می‌تواند به ضرر شما تمام شود.\r\n\r\nقرار ندادن مستنداتی که نشان دهنده قابل اعتماد بودن مالکین وبسایت است\r\nدر صفحه «درباره ما» می‌توانید مستنداتی را در مورد رضایت کاربران و معتبر بودن تجارت خود قرار دهید و بدین طریق اعتماد خوانندگان را جلب کنید و به آنها نشان دهید که وبسایت شما از اعتبار بالایی برخوردار است.', '2021-11-10 16:35:37', '2021-11-10 16:35:37');

-- --------------------------------------------------------

--
-- Table structure for table `blocks`
--

CREATE TABLE `blocks` (
  `id` bigint(20) UNSIGNED NOT NULL,
  `user_id` bigint(20) UNSIGNED NOT NULL,
  `created_at` timestamp NULL DEFAULT NULL,
  `updated_at` timestamp NULL DEFAULT NULL
) ENGINE=InnoDB DEFAULT CHARSET=utf8mb4 COLLATE=utf8mb4_unicode_ci;

-- --------------------------------------------------------

--
-- Table structure for table `blogs`
--

CREATE TABLE `blogs` (
  `id` bigint(20) UNSIGNED NOT NULL,
  `user_id` bigint(20) UNSIGNED NOT NULL,
  `name` varchar(255) COLLATE utf8mb4_unicode_ci NOT NULL,
  `image` varchar(255) COLLATE utf8mb4_unicode_ci NOT NULL,
  `body` text COLLATE utf8mb4_unicode_ci NOT NULL,
  `created_at` timestamp NULL DEFAULT NULL,
  `updated_at` timestamp NULL DEFAULT NULL
) ENGINE=InnoDB DEFAULT CHARSET=utf8mb4 COLLATE=utf8mb4_unicode_ci;

--
-- Dumping data for table `blogs`
--

INSERT INTO `blogs` (`id`, `user_id`, `name`, `image`, `body`, `created_at`, `updated_at`) VALUES
(1, 24, 'مقاله لاراول 3', '/blog/1636453403.jpg', 'لورم ایپسوم متن ساختگی با تولید سادگی نامفهوم از صنعت چاپ و با استفاده از طراحان گرافیک است. چاپگرها و متون بلکه روزنامه و مجله در ستون و سطرآنچنان که لازم است و برای شرایط فعلی تکنولوژی مورد نیاز و کاربردهای متنوع با هدف بهبود ابزارهای کاربردی می باشد. کتابهای زیادی در شصت و سه درصد گذشته، حال و آینده شناخت فراوان جامعه و متخصصان را می طلبد تا با نرم افزارها شناخت بیشتری را برای طراحان رایانه ای علی الخصوص طراحان خلاقی و فرهنگ پیشرو در زبان فارسی ایجاد کرد. در این صورت می توان امید داشت که تمام و دشواری موجود در ارائه راهکارها و شرایط سخت تایپ به پایان رسد وزمان مورد نیاز شامل حروفچینی دستاوردهای اصلی و جوابگوی سوالات پیوسته اهل دنیای موجود طراحی اساسا مورد استفاده قرار گیرد.\r\nلورم ایپسوم متن ساختگی با تولید سادگی نامفهوم از صنعت چاپ و با استفاده از طراحان گرافیک است. چاپگرها و متون بلکه روزنامه و مجله در ستون و سطرآنچنان که لازم است و برای شرایط فعلی تکنولوژی مورد نیاز و کاربردهای متنوع با هدف بهبود ابزارهای کاربردی می باشد. کتابهای زیادی در شصت و سه درصد گذشته، حال و آینده شناخت فراوان جامعه و متخصصان را می طلبد تا با نرم افزارها شناخت بیشتری را برای طراحان رایانه ای علی الخصوص طراحان خلاقی و فرهنگ پیشرو در زبان فارسی ایجاد کرد. در این صورت می توان امید داشت که تمام و دشواری موجود در ارائه راهکارها و شرایط سخت تایپ به پایان رسد وزمان مورد نیاز شامل حروفچینی دستاوردهای اصلی و جوابگوی سوالات پیوسته اهل دنیای موجود طراحی اساسا مورد استفاده قرار گیرد.\r\nلورم ایپسوم متن ساختگی با تولید سادگی نامفهوم از صنعت چاپ و با استفاده از طراحان گرافیک است. چاپگرها و متون بلکه روزنامه و مجله در ستون و سطرآنچنان که لازم است و برای شرایط فعلی تکنولوژی مورد نیاز و کاربردهای متنوع با هدف بهبود ابزارهای کاربردی می باشد. کتابهای زیادی در شصت و سه درصد گذشته، حال و آینده شناخت فراوان جامعه و متخصصان را می طلبد تا با نرم افزارها شناخت بیشتری را برای طراحان رایانه ای علی الخصوص طراحان خلاقی و فرهنگ پیشرو در زبان فارسی ایجاد کرد. در این صورت می توان امید داشت که تمام و دشواری موجود در ارائه راهکارها و شرایط سخت تایپ به پایان رسد وزمان مورد نیاز شامل حروفچینی دستاوردهای اصلی و جوابگوی سوالات پیوسته اهل دنیای موجود طراحی اساسا مورد استفاده قرار گیرد.\r\nلورم ایپسوم متن ساختگی با تولید سادگی نامفهوم از صنعت چاپ و با استفاده از طراحان گرافیک است. چاپگرها و متون بلکه روزنامه و مجله در ستون و سطرآنچنان که لازم است و برای شرایط فعلی تکنولوژی مورد نیاز و کاربردهای متنوع با هدف بهبود ابزارهای کاربردی می باشد. کتابهای زیادی در شصت و سه درصد گذشته، حال و آینده شناخت فراوان جامعه و متخصصان را می طلبد تا با نرم افزارها شناخت بیشتری را برای طراحان رایانه ای علی الخصوص طراحان خلاقی و فرهنگ پیشرو در زبان فارسی ایجاد کرد. در این صورت می توان امید داشت که تمام و دشواری موجود در ارائه راهکارها و شرایط سخت تایپ به پایان رسد وزمان مورد نیاز شامل حروفچینی دستاوردهای اصلی و جوابگوی سوالات پیوسته اهل دنیای موجود طراحی اساسا مورد استفاده قرار گیرد.\r\nلورم ایپسوم متن ساختگی با تولید سادگی نامفهوم از صنعت چاپ و با استفاده از طراحان گرافیک است. چاپگرها و متون بلکه روزنامه و مجله در ستون و سطرآنچنان که لازم است و برای شرایط فعلی تکنولوژی مورد نیاز و کاربردهای متنوع با هدف بهبود ابزارهای کاربردی می باشد. کتابهای زیادی در شصت و سه درصد گذشته، حال و آینده شناخت فراوان جامعه و متخصصان را می طلبد تا با نرم افزارها شناخت بیشتری را برای طراحان رایانه ای علی الخصوص طراحان خلاقی و فرهنگ پیشرو در زبان فارسی ایجاد کرد. در این صورت می توان امید داشت که تمام و دشواری موجود در ارائه راهکارها و شرایط سخت تایپ به پایان رسد وزمان مورد نیاز شامل حروفچینی دستاوردهای اصلی و جوابگوی سوالات پیوسته اهل دنیای موجود طراحی اساسا مورد استفاده قرار گیرد.\r\n', '2021-11-09 10:23:23', '2021-11-09 10:23:23'),
(2, 24, 'مقاله لاراول', '/blog/1636454242.jpg', 'لورم ایپسوم متن ساختگی با تولید سادگی نامفهوم از صنعت چاپ و با استفاده از طراحان گرافیک است. چاپگرها و متون بلکه روزنامه و مجله در ستون و سطرآنچنان که لازم است و برای شرایط فعلی تکنولوژی مورد نیاز و کاربردهای متنوع با هدف بهبود ابزارهای کاربردی می باشد. کتابهای زیادی در شصت و سه درصد گذشته، حال و آینده شناخت فراوان جامعه و متخصصان را می طلبد تا با نرم افزارها شناخت بیشتری را برای طراحان رایانه ای علی الخصوص طراحان خلاقی و فرهنگ پیشرو در زبان فارسی ایجاد کرد. در این صورت می توان امید داشت که تمام و دشواری موجود در ارائه راهکارها و شرایط سخت تایپ به پایان رسد وزمان مورد نیاز شامل حروفچینی دستاوردهای اصلی و جوابگوی سوالات پیوسته اهل دنیای موجود طراحی اساسا مورد استفاده قرار گیرد.\r\nلورم ایپسوم متن ساختگی با تولید سادگی نامفهوم از صنعت چاپ و با استفاده از طراحان گرافیک است. چاپگرها و متون بلکه روزنامه و مجله در ستون و سطرآنچنان که لازم است و برای شرایط فعلی تکنولوژی مورد نیاز و کاربردهای متنوع با هدف بهبود ابزارهای کاربردی می باشد. کتابهای زیادی در شصت و سه درصد گذشته، حال و آینده شناخت فراوان جامعه و متخصصان را می طلبد تا با نرم افزارها شناخت بیشتری را برای طراحان رایانه ای علی الخصوص طراحان خلاقی و فرهنگ پیشرو در زبان فارسی ایجاد کرد. در این صورت می توان امید داشت که تمام و دشواری موجود در ارائه راهکارها و شرایط سخت تایپ به پایان رسد وزمان مورد نیاز شامل حروفچینی دستاوردهای اصلی و جوابگوی سوالات پیوسته اهل دنیای موجود طراحی اساسا مورد استفاده قرار گیرد.\r\nلورم ایپسوم متن ساختگی با تولید سادگی نامفهوم از صنعت چاپ و با استفاده از طراحان گرافیک است. چاپگرها و متون بلکه روزنامه و مجله در ستون و سطرآنچنان که لازم است و برای شرایط فعلی تکنولوژی مورد نیاز و کاربردهای متنوع با هدف بهبود ابزارهای کاربردی می باشد. کتابهای زیادی در شصت و سه درصد گذشته، حال و آینده شناخت فراوان جامعه و متخصصان را می طلبد تا با نرم افزارها شناخت بیشتری را برای طراحان رایانه ای علی الخصوص طراحان خلاقی و فرهنگ پیشرو در زبان فارسی ایجاد کرد. در این صورت می توان امید داشت که تمام و دشواری موجود در ارائه راهکارها و شرایط سخت تایپ به پایان رسد وزمان مورد نیاز شامل حروفچینی دستاوردهای اصلی و جوابگوی سوالات پیوسته اهل دنیای موجود طراحی اساسا مورد استفاده قرار گیرد.\r\nلورم ایپسوم متن ساختگی با تولید سادگی نامفهوم از صنعت چاپ و با استفاده از طراحان گرافیک است. چاپگرها و متون بلکه روزنامه و مجله در ستون و سطرآنچنان که لازم است و برای شرایط فعلی تکنولوژی مورد نیاز و کاربردهای متنوع با هدف بهبود ابزارهای کاربردی می باشد. کتابهای زیادی در شصت و سه درصد گذشته، حال و آینده شناخت فراوان جامعه و متخصصان را می طلبد تا با نرم افزارها شناخت بیشتری را برای طراحان رایانه ای علی الخصوص طراحان خلاقی و فرهنگ پیشرو در زبان فارسی ایجاد کرد. در این صورت می توان امید داشت که تمام و دشواری موجود در ارائه راهکارها و شرایط سخت تایپ به پایان رسد وزمان مورد نیاز شامل حروفچینی دستاوردهای اصلی و جوابگوی سوالات پیوسته اهل دنیای موجود طراحی اساسا مورد استفاده قرار گیرد.\r\nلورم ایپسوم متن ساختگی با تولید سادگی نامفهوم از صنعت چاپ و با استفاده از طراحان گرافیک است. چاپگرها و متون بلکه روزنامه و مجله در ستون و سطرآنچنان که لازم است و برای شرایط فعلی تکنولوژی مورد نیاز و کاربردهای متنوع با هدف بهبود ابزارهای کاربردی می باشد. کتابهای زیادی در شصت و سه درصد گذشته، حال و آینده شناخت فراوان جامعه و متخصصان را می طلبد تا با نرم افزارها شناخت بیشتری را برای طراحان رایانه ای علی الخصوص طراحان خلاقی و فرهنگ پیشرو در زبان فارسی ایجاد کرد. در این صورت می توان امید داشت که تمام و دشواری موجود در ارائه راهکارها و شرایط سخت تایپ به پایان رسد وزمان مورد نیاز شامل حروفچینی دستاوردهای اصلی و جوابگوی سوالات پیوسته اهل دنیای موجود طراحی اساسا مورد استفاده قرار گیرد.\r\n', '2021-11-09 10:37:22', '2021-11-09 10:37:22'),
(3, 24, 'مقاله لاراول 2', '/blog/1636454284.jpg', 'لورم ایپسوم متن ساختگی با تولید سادگی نامفهوم از صنعت چاپ و با استفاده از طراحان گرافیک است. چاپگرها و متون بلکه روزنامه و مجله در ستون و سطرآنچنان که لازم است و برای شرایط فعلی تکنولوژی مورد نیاز و کاربردهای متنوع با هدف بهبود ابزارهای کاربردی می باشد. کتابهای زیادی در شصت و سه درصد گذشته، حال و آینده شناخت فراوان جامعه و متخصصان را می طلبد تا با نرم افزارها شناخت بیشتری را برای طراحان رایانه ای علی الخصوص طراحان خلاقی و فرهنگ پیشرو در زبان فارسی ایجاد کرد. در این صورت می توان امید داشت که تمام و دشواری موجود در ارائه راهکارها و شرایط سخت تایپ به پایان رسد وزمان مورد نیاز شامل حروفچینی دستاوردهای اصلی و جوابگوی سوالات پیوسته اهل دنیای موجود طراحی اساسا مورد استفاده قرار گیرد.\r\nلورم ایپسوم متن ساختگی با تولید سادگی نامفهوم از صنعت چاپ و با استفاده از طراحان گرافیک است. چاپگرها و متون بلکه روزنامه و مجله در ستون و سطرآنچنان که لازم است و برای شرایط فعلی تکنولوژی مورد نیاز و کاربردهای متنوع با هدف بهبود ابزارهای کاربردی می باشد. کتابهای زیادی در شصت و سه درصد گذشته، حال و آینده شناخت فراوان جامعه و متخصصان را می طلبد تا با نرم افزارها شناخت بیشتری را برای طراحان رایانه ای علی الخصوص طراحان خلاقی و فرهنگ پیشرو در زبان فارسی ایجاد کرد. در این صورت می توان امید داشت که تمام و دشواری موجود در ارائه راهکارها و شرایط سخت تایپ به پایان رسد وزمان مورد نیاز شامل حروفچینی دستاوردهای اصلی و جوابگوی سوالات پیوسته اهل دنیای موجود طراحی اساسا مورد استفاده قرار گیرد.\r\nلورم ایپسوم متن ساختگی با تولید سادگی نامفهوم از صنعت چاپ و با استفاده از طراحان گرافیک است. چاپگرها و متون بلکه روزنامه و مجله در ستون و سطرآنچنان که لازم است و برای شرایط فعلی تکنولوژی مورد نیاز و کاربردهای متنوع با هدف بهبود ابزارهای کاربردی می باشد. کتابهای زیادی در شصت و سه درصد گذشته، حال و آینده شناخت فراوان جامعه و متخصصان را می طلبد تا با نرم افزارها شناخت بیشتری را برای طراحان رایانه ای علی الخصوص طراحان خلاقی و فرهنگ پیشرو در زبان فارسی ایجاد کرد. در این صورت می توان امید داشت که تمام و دشواری موجود در ارائه راهکارها و شرایط سخت تایپ به پایان رسد وزمان مورد نیاز شامل حروفچینی دستاوردهای اصلی و جوابگوی سوالات پیوسته اهل دنیای موجود طراحی اساسا مورد استفاده قرار گیرد.\r\nلورم ایپسوم متن ساختگی با تولید سادگی نامفهوم از صنعت چاپ و با استفاده از طراحان گرافیک است. چاپگرها و متون بلکه روزنامه و مجله در ستون و سطرآنچنان که لازم است و برای شرایط فعلی تکنولوژی مورد نیاز و کاربردهای متنوع با هدف بهبود ابزارهای کاربردی می باشد. کتابهای زیادی در شصت و سه درصد گذشته، حال و آینده شناخت فراوان جامعه و متخصصان را می طلبد تا با نرم افزارها شناخت بیشتری را برای طراحان رایانه ای علی الخصوص طراحان خلاقی و فرهنگ پیشرو در زبان فارسی ایجاد کرد. در این صورت می توان امید داشت که تمام و دشواری موجود در ارائه راهکارها و شرایط سخت تایپ به پایان رسد وزمان مورد نیاز شامل حروفچینی دستاوردهای اصلی و جوابگوی سوالات پیوسته اهل دنیای موجود طراحی اساسا مورد استفاده قرار گیرد.\r\nلورم ایپسوم متن ساختگی با تولید سادگی نامفهوم از صنعت چاپ و با استفاده از طراحان گرافیک است. چاپگرها و متون بلکه روزنامه و مجله در ستون و سطرآنچنان که لازم است و برای شرایط فعلی تکنولوژی مورد نیاز و کاربردهای متنوع با هدف بهبود ابزارهای کاربردی می باشد. کتابهای زیادی در شصت و سه درصد گذشته، حال و آینده شناخت فراوان جامعه و متخصصان را می طلبد تا با نرم افزارها شناخت بیشتری را برای طراحان رایانه ای علی الخصوص طراحان خلاقی و فرهنگ پیشرو در زبان فارسی ایجاد کرد. در این صورت می توان امید داشت که تمام و دشواری موجود در ارائه راهکارها و شرایط سخت تایپ به پایان رسد وزمان مورد نیاز شامل حروفچینی دستاوردهای اصلی و جوابگوی سوالات پیوسته اهل دنیای موجود طراحی اساسا مورد استفاده قرار گیرد.\r\n', '2021-11-09 10:38:05', '2021-11-09 10:38:05'),
(4, 24, 'مقاله لاراول 4', '/blog/1636454394.jpg', 'لورم ایپسوم متن ساختگی با تولید سادگی نامفهوم از صنعت چاپ و با استفاده از طراحان گرافیک است. چاپگرها و متون بلکه روزنامه و مجله در ستون و سطرآنچنان که لازم است و برای شرایط فعلی تکنولوژی مورد نیاز و کاربردهای متنوع با هدف بهبود ابزارهای کاربردی می باشد. کتابهای زیادی در شصت و سه درصد گذشته، حال و آینده شناخت فراوان جامعه و متخصصان را می طلبد تا با نرم افزارها شناخت بیشتری را برای طراحان رایانه ای علی الخصوص طراحان خلاقی و فرهنگ پیشرو در زبان فارسی ایجاد کرد. در این صورت می توان امید داشت که تمام و دشواری موجود در ارائه راهکارها و شرایط سخت تایپ به پایان رسد وزمان مورد نیاز شامل حروفچینی دستاوردهای اصلی و جوابگوی سوالات پیوسته اهل دنیای موجود طراحی اساسا مورد استفاده قرار گیرد.\r\nلورم ایپسوم متن ساختگی با تولید سادگی نامفهوم از صنعت چاپ و با استفاده از طراحان گرافیک است. چاپگرها و متون بلکه روزنامه و مجله در ستون و سطرآنچنان که لازم است و برای شرایط فعلی تکنولوژی مورد نیاز و کاربردهای متنوع با هدف بهبود ابزارهای کاربردی می باشد. کتابهای زیادی در شصت و سه درصد گذشته، حال و آینده شناخت فراوان جامعه و متخصصان را می طلبد تا با نرم افزارها شناخت بیشتری را برای طراحان رایانه ای علی الخصوص طراحان خلاقی و فرهنگ پیشرو در زبان فارسی ایجاد کرد. در این صورت می توان امید داشت که تمام و دشواری موجود در ارائه راهکارها و شرایط سخت تایپ به پایان رسد وزمان مورد نیاز شامل حروفچینی دستاوردهای اصلی و جوابگوی سوالات پیوسته اهل دنیای موجود طراحی اساسا مورد استفاده قرار گیرد.\r\nلورم ایپسوم متن ساختگی با تولید سادگی نامفهوم از صنعت چاپ و با استفاده از طراحان گرافیک است. چاپگرها و متون بلکه روزنامه و مجله در ستون و سطرآنچنان که لازم است و برای شرایط فعلی تکنولوژی مورد نیاز و کاربردهای متنوع با هدف بهبود ابزارهای کاربردی می باشد. کتابهای زیادی در شصت و سه درصد گذشته، حال و آینده شناخت فراوان جامعه و متخصصان را می طلبد تا با نرم افزارها شناخت بیشتری را برای طراحان رایانه ای علی الخصوص طراحان خلاقی و فرهنگ پیشرو در زبان فارسی ایجاد کرد. در این صورت می توان امید داشت که تمام و دشواری موجود در ارائه راهکارها و شرایط سخت تایپ به پایان رسد وزمان مورد نیاز شامل حروفچینی دستاوردهای اصلی و جوابگوی سوالات پیوسته اهل دنیای موجود طراحی اساسا مورد استفاده قرار گیرد.\r\nلورم ایپسوم متن ساختگی با تولید سادگی نامفهوم از صنعت چاپ و با استفاده از طراحان گرافیک است. چاپگرها و متون بلکه روزنامه و مجله در ستون و سطرآنچنان که لازم است و برای شرایط فعلی تکنولوژی مورد نیاز و کاربردهای متنوع با هدف بهبود ابزارهای کاربردی می باشد. کتابهای زیادی در شصت و سه درصد گذشته، حال و آینده شناخت فراوان جامعه و متخصصان را می طلبد تا با نرم افزارها شناخت بیشتری را برای طراحان رایانه ای علی الخصوص طراحان خلاقی و فرهنگ پیشرو در زبان فارسی ایجاد کرد. در این صورت می توان امید داشت که تمام و دشواری موجود در ارائه راهکارها و شرایط سخت تایپ به پایان رسد وزمان مورد نیاز شامل حروفچینی دستاوردهای اصلی و جوابگوی سوالات پیوسته اهل دنیای موجود طراحی اساسا مورد استفاده قرار گیرد.\r\nلورم ایپسوم متن ساختگی با تولید سادگی نامفهوم از صنعت چاپ و با استفاده از طراحان گرافیک است. چاپگرها و متون بلکه روزنامه و مجله در ستون و سطرآنچنان که لازم است و برای شرایط فعلی تکنولوژی مورد نیاز و کاربردهای متنوع با هدف بهبود ابزارهای کاربردی می باشد. کتابهای زیادی در شصت و سه درصد گذشته، حال و آینده شناخت فراوان جامعه و متخصصان را می طلبد تا با نرم افزارها شناخت بیشتری را برای طراحان رایانه ای علی الخصوص طراحان خلاقی و فرهنگ پیشرو در زبان فارسی ایجاد کرد. در این صورت می توان امید داشت که تمام و دشواری موجود در ارائه راهکارها و شرایط سخت تایپ به پایان رسد وزمان مورد نیاز شامل حروفچینی دستاوردهای اصلی و جوابگوی سوالات پیوسته اهل دنیای موجود طراحی اساسا مورد استفاده قرار گیرد.\r\n', '2021-11-09 10:39:55', '2021-11-09 10:39:55'),
(5, 24, 'flutter tricks', '/blog/1636476327.jpg', 'لورم ایپسوم متن ساختگی با تولید سادگی نامفهوم از صنعت چاپ و با استفاده از طراحان گرافیک است. چاپگرها و متون بلکه روزنامه و مجله در ستون و سطرآنچنان که لازم است و برای شرایط فعلی تکنولوژی مورد نیاز و کاربردهای متنوع با هدف بهبود ابزارهای کاربردی می باشد. کتابهای زیادی در شصت و سه درصد گذشته، حال و آینده شناخت فراوان جامعه و متخصصان را می طلبد تا با نرم افزارها شناخت بیشتری را برای طراحان رایانه ای علی الخصوص طراحان خلاقی و فرهنگ پیشرو در زبان فارسی ایجاد کرد. در این صورت می توان امید داشت که تمام و دشواری موجود در ارائه راهکارها و شرایط سخت تایپ به پایان رسد وزمان مورد نیاز شامل حروفچینی دستاوردهای اصلی و جوابگوی سوالات پیوسته اهل دنیای موجود طراحی اساسا مورد استفاده قرار گیرد.\r\nلورم ایپسوم متن ساختگی با تولید سادگی نامفهوم از صنعت چاپ و با استفاده از طراحان گرافیک است. چاپگرها و متون بلکه روزنامه و مجله در ستون و سطرآنچنان که لازم است و برای شرایط فعلی تکنولوژی مورد نیاز و کاربردهای متنوع با هدف بهبود ابزارهای کاربردی می باشد. کتابهای زیادی در شصت و سه درصد گذشته، حال و آینده شناخت فراوان جامعه و متخصصان را می طلبد تا با نرم افزارها شناخت بیشتری را برای طراحان رایانه ای علی الخصوص طراحان خلاقی و فرهنگ پیشرو در زبان فارسی ایجاد کرد. در این صورت می توان امید داشت که تمام و دشواری موجود در ارائه راهکارها و شرایط سخت تایپ به پایان رسد وزمان مورد نیاز شامل حروفچینی دستاوردهای اصلی و جوابگوی سوالات پیوسته اهل دنیای موجود طراحی اساسا مورد استفاده قرار گیرد.\r\nلورم ایپسوم متن ساختگی با تولید سادگی نامفهوم از صنعت چاپ و با استفاده از طراحان گرافیک است. چاپگرها و متون بلکه روزنامه و مجله در ستون و سطرآنچنان که لازم است و برای شرایط فعلی تکنولوژی مورد نیاز و کاربردهای متنوع با هدف بهبود ابزارهای کاربردی می باشد. کتابهای زیادی در شصت و سه درصد گذشته، حال و آینده شناخت فراوان جامعه و متخصصان را می طلبد تا با نرم افزارها شناخت بیشتری را برای طراحان رایانه ای علی الخصوص طراحان خلاقی و فرهنگ پیشرو در زبان فارسی ایجاد کرد. در این صورت می توان امید داشت که تمام و دشواری موجود در ارائه راهکارها و شرایط سخت تایپ به پایان رسد وزمان مورد نیاز شامل حروفچینی دستاوردهای اصلی و جوابگوی سوالات پیوسته اهل دنیای موجود طراحی اساسا مورد استفاده قرار گیرد.\r\nلورم ایپسوم متن ساختگی با تولید سادگی نامفهوم از صنعت چاپ و با استفاده از طراحان گرافیک است. چاپگرها و متون بلکه روزنامه و مجله در ستون و سطرآنچنان که لازم است و برای شرایط فعلی تکنولوژی مورد نیاز و کاربردهای متنوع با هدف بهبود ابزارهای کاربردی می باشد. کتابهای زیادی در شصت و سه درصد گذشته، حال و آینده شناخت فراوان جامعه و متخصصان را می طلبد تا با نرم افزارها شناخت بیشتری را برای طراحان رایانه ای علی الخصوص طراحان خلاقی و فرهنگ پیشرو در زبان فارسی ایجاد کرد. در این صورت می توان امید داشت که تمام و دشواری موجود در ارائه راهکارها و شرایط سخت تایپ به پایان رسد وزمان مورد نیاز شامل حروفچینی دستاوردهای اصلی و جوابگوی سوالات پیوسته اهل دنیای موجود طراحی اساسا مورد استفاده قرار گیرد.\r\nلورم ایپسوم متن ساختگی با تولید سادگی نامفهوم از صنعت چاپ و با استفاده از طراحان گرافیک است. چاپگرها و متون بلکه روزنامه و مجله در ستون و سطرآنچنان که لازم است و برای شرایط فعلی تکنولوژی مورد نیاز و کاربردهای متنوع با هدف بهبود ابزارهای کاربردی می باشد. کتابهای زیادی در شصت و سه درصد گذشته، حال و آینده شناخت فراوان جامعه و متخصصان را می طلبد تا با نرم افزارها شناخت بیشتری را برای طراحان رایانه ای علی الخصوص طراحان خلاقی و فرهنگ پیشرو در زبان فارسی ایجاد کرد. در این صورت می توان امید داشت که تمام و دشواری موجود در ارائه راهکارها و شرایط سخت تایپ به پایان رسد وزمان مورد نیاز شامل حروفچینی دستاوردهای اصلی و جوابگوی سوالات پیوسته اهل دنیای موجود طراحی اساسا مورد استفاده قرار گیرد.\r\n', '2021-11-09 16:45:28', '2021-11-09 16:45:28');

-- --------------------------------------------------------

--
-- Table structure for table `checks`
--

CREATE TABLE `checks` (
  `id` bigint(20) UNSIGNED NOT NULL,
  `code` varchar(25) COLLATE utf8mb4_unicode_ci NOT NULL,
  `refid` int(11) NOT NULL,
  `created_at` timestamp NULL DEFAULT NULL,
  `updated_at` timestamp NULL DEFAULT NULL
) ENGINE=InnoDB DEFAULT CHARSET=utf8mb4 COLLATE=utf8mb4_unicode_ci;

--
-- Dumping data for table `checks`
--

INSERT INTO `checks` (`id`, `code`, `refid`, `created_at`, `updated_at`) VALUES
(1, '4', 2147483647, '2021-11-24 06:22:14', '2021-11-24 06:22:14'),
(4, '84642fe', 1, '2021-11-27 09:44:03', '2021-11-27 09:44:03');

-- --------------------------------------------------------

--
-- Table structure for table `codes`
--

CREATE TABLE `codes` (
  `id` bigint(20) UNSIGNED NOT NULL,
  `product_id` bigint(20) UNSIGNED NOT NULL,
  `code` varchar(255) COLLATE utf8mb4_unicode_ci NOT NULL,
  `created_at` timestamp NULL DEFAULT NULL,
  `updated_at` timestamp NULL DEFAULT NULL
) ENGINE=InnoDB DEFAULT CHARSET=utf8mb4 COLLATE=utf8mb4_unicode_ci;

--
-- Dumping data for table `codes`
--

INSERT INTO `codes` (`id`, `product_id`, `code`, `created_at`, `updated_at`) VALUES
(263, 42, 'Steam  ARS 100	201002306212101008	V7PT0-X70P7-8MNLJ', '2021-12-05 04:47:10', '2021-12-05 04:47:10'),
(264, 42, 'Steam  ARS 100	201002306212101007	G2JDR-8NWG4-2GI5Y', '2021-12-05 04:47:10', '2021-12-05 04:47:10'),
(265, 42, 'Steam  ARS 100	201002306212101006	40Z6K-6QQ0A-IXHK8', '2021-12-05 04:47:10', '2021-12-05 04:47:10'),
(266, 42, 'Steam  ARS 100	201002306212101005	ZIAN0-M68ZC-CB04W', '2021-12-05 04:47:10', '2021-12-05 04:47:10'),
(267, 42, 'Steam  ARS 100	201002306212101004	8Z4GT-AHY5P-V96HT', '2021-12-05 04:47:10', '2021-12-05 04:47:10'),
(268, 42, 'Steam  ARS 100	201002306212101003	D70RZ-MFL75-K72KN', '2021-12-05 04:47:10', '2021-12-05 04:47:10'),
(269, 42, 'Steam  ARS 100	201002306212101002	5DW8M-B3BYE-WFCQC', '2021-12-05 04:47:10', '2021-12-05 04:47:10'),
(270, 42, 'Steam  ARS 100	201002306212101001	FZ0NT-IMHFV-T3N7A', '2021-12-05 04:47:10', '2021-12-05 04:47:10'),
(271, 42, 'Steam  ARS 100	201002306212101000	HPEQJ-QDJ2K-M93ZA', '2021-12-05 04:47:10', '2021-12-05 04:47:10'),
(272, 42, 'Steam  ARS 100	201002306212100999	L9Z2D-KE5QN-HGTGK', '2021-12-05 04:47:10', '2021-12-05 04:47:10'),
(273, 42, 'Steam  ARS 100	201002306212100998	9557A-0X3FW-89A4N', '2021-12-05 04:47:10', '2021-12-05 04:47:10'),
(274, 42, 'Steam  ARS 100	201002306212100997	0HHQF-NKHEJ-8VXEW', '2021-12-05 04:47:10', '2021-12-05 04:47:10'),
(275, 42, 'Steam  ARS 100	201002306212100996	IH6YD-86489-L9ZQY', '2021-12-05 04:47:10', '2021-12-05 04:47:10'),
(276, 42, 'Steam  ARS 100	201002306212100995	34GLV-0XRK7-GIPND', '2021-12-05 04:47:10', '2021-12-05 04:47:10'),
(277, 42, 'Steam  ARS 100	201002306212100994	3DIYF-Q04QT-DGY93', '2021-12-05 04:47:10', '2021-12-05 04:47:10'),
(278, 42, 'Steam  ARS 100	201002306212100993	4ZCGV-RPPX6-NDPGQ', '2021-12-05 04:47:10', '2021-12-05 04:47:10'),
(279, 42, 'Steam  ARS 100	201002306212100992	EN0PL-TZBZD-AC2FE', '2021-12-05 04:47:10', '2021-12-05 04:47:10'),
(280, 42, 'Steam  ARS 100	201002306212100991	CLQCG-60DN7-JLKQK', '2021-12-05 04:47:10', '2021-12-05 04:47:10'),
(281, 42, 'Steam  ARS 100	201002306212100990	826CX-T6ERJ-C8RB7', '2021-12-05 04:47:10', '2021-12-05 04:47:10'),
(282, 42, 'Steam  ARS 100	201002306212100989	DJ5LF-JLBFY-QNQ7B', '2021-12-05 04:47:10', '2021-12-05 04:47:10'),
(283, 42, 'Steam  ARS 100	201002306212100988	4WYJ7-PVZX6-6YZ5F', '2021-12-05 04:47:10', '2021-12-05 04:47:10'),
(284, 42, 'Steam  ARS 100	201002306212100987	7WZB8-58WA8-0IHH7', '2021-12-05 04:47:10', '2021-12-05 04:47:10'),
(285, 42, 'Steam  ARS 100	201002306212100986	VZD7Y-INEFL-3QW5L', '2021-12-05 04:47:10', '2021-12-05 04:47:10'),
(286, 42, 'Steam  ARS 100	201002306212100985	LA2DZ-NABIM-Q2J2B', '2021-12-05 04:47:10', '2021-12-05 04:47:10'),
(287, 42, 'Steam  ARS 100	201002306212100984	3X8EB-JEQDQ-MAJ2R', '2021-12-05 04:47:10', '2021-12-05 04:47:10'),
(288, 42, 'Steam  ARS 100	201002306212100983	4BA6M-6ILGF-QTDNI', '2021-12-05 04:47:10', '2021-12-05 04:47:10'),
(289, 42, 'Steam  ARS 100	201002306212100982	JEDZA-ZI9KF-DKXWX', '2021-12-05 04:47:10', '2021-12-05 04:47:10'),
(290, 42, 'Steam  ARS 100	201002306212100981	TDPKP-86HKM-8RFG3', '2021-12-05 04:47:10', '2021-12-05 04:47:10'),
(291, 42, 'Steam  ARS 100	201002306212100980	PZXJ8-VMNHC-CLH2L', '2021-12-05 04:47:10', '2021-12-05 04:47:10'),
(292, 75, '123', '2021-12-07 12:19:40', '2021-12-07 12:19:40');

-- --------------------------------------------------------

--
-- Table structure for table `contacts`
--

CREATE TABLE `contacts` (
  `id` bigint(20) UNSIGNED NOT NULL,
  `name` varchar(255) COLLATE utf8mb4_unicode_ci NOT NULL,
  `email` varchar(255) COLLATE utf8mb4_unicode_ci NOT NULL,
  `body` text COLLATE utf8mb4_unicode_ci NOT NULL,
  `created_at` timestamp NULL DEFAULT NULL,
  `updated_at` timestamp NULL DEFAULT NULL
) ENGINE=InnoDB DEFAULT CHARSET=utf8mb4 COLLATE=utf8mb4_unicode_ci;

-- --------------------------------------------------------

--
-- Table structure for table `countries`
--

CREATE TABLE `countries` (
  `id` bigint(20) UNSIGNED NOT NULL,
  `name` varchar(255) COLLATE utf8mb4_unicode_ci NOT NULL,
  `image` varchar(255) COLLATE utf8mb4_unicode_ci NOT NULL,
  `created_at` timestamp NULL DEFAULT NULL,
  `updated_at` timestamp NULL DEFAULT NULL
) ENGINE=InnoDB DEFAULT CHARSET=utf8mb4 COLLATE=utf8mb4_unicode_ci;

--
-- Dumping data for table `countries`
--

INSERT INTO `countries` (`id`, `name`, `image`, `created_at`, `updated_at`) VALUES
(1, 'usa', 'us', '2021-10-18 04:12:31', '2021-10-18 04:12:31'),
(4, 'Global', 'un', '2021-10-18 04:17:54', '2021-10-18 04:17:54'),
(5, 'jopan', 'jp', '2021-10-18 04:40:40', '2021-10-18 04:40:40');

-- --------------------------------------------------------

--
-- Table structure for table `credits`
--

CREATE TABLE `credits` (
  `id` bigint(20) UNSIGNED NOT NULL,
  `type` varchar(255) COLLATE utf8mb4_unicode_ci DEFAULT NULL,
  `time` int(11) DEFAULT NULL,
  `created_at` timestamp NULL DEFAULT NULL,
  `updated_at` timestamp NULL DEFAULT NULL
) ENGINE=InnoDB DEFAULT CHARSET=utf8mb4 COLLATE=utf8mb4_unicode_ci;

--
-- Dumping data for table `credits`
--

INSERT INTO `credits` (`id`, `type`, `time`, `created_at`, `updated_at`) VALUES
(1, NULL, NULL, '2021-10-11 06:25:22', '2021-10-11 06:25:22'),
(3, 'ماه', 2, '2021-10-11 06:26:27', '2021-10-11 06:26:27'),
(4, 'ماه', 3, '2021-10-13 03:46:07', '2021-10-13 03:46:07'),
(5, 'روز', 3, '2021-10-13 03:46:38', '2021-10-13 03:46:38');

-- --------------------------------------------------------

--
-- Table structure for table `delivers`
--

CREATE TABLE `delivers` (
  `id` bigint(20) UNSIGNED NOT NULL,
  `user_id` bigint(20) UNSIGNED NOT NULL,
  `cart` varchar(255) COLLATE utf8mb4_unicode_ci NOT NULL,
  `created_at` timestamp NULL DEFAULT NULL,
  `updated_at` timestamp NULL DEFAULT NULL
) ENGINE=InnoDB DEFAULT CHARSET=utf8mb4 COLLATE=utf8mb4_unicode_ci;

--
-- Dumping data for table `delivers`
--

INSERT INTO `delivers` (`id`, `user_id`, `cart`, `created_at`, `updated_at`) VALUES
(1, 25, 'a:1:{i:42;i:1;}', '2021-11-28 06:43:21', '2021-11-28 06:43:21');

-- --------------------------------------------------------

--
-- Table structure for table `failed_jobs`
--

CREATE TABLE `failed_jobs` (
  `id` bigint(20) UNSIGNED NOT NULL,
  `uuid` varchar(255) COLLATE utf8mb4_unicode_ci NOT NULL,
  `connection` text COLLATE utf8mb4_unicode_ci NOT NULL,
  `queue` text COLLATE utf8mb4_unicode_ci NOT NULL,
  `payload` longtext COLLATE utf8mb4_unicode_ci NOT NULL,
  `exception` longtext COLLATE utf8mb4_unicode_ci NOT NULL,
  `failed_at` timestamp NOT NULL DEFAULT current_timestamp()
) ENGINE=InnoDB DEFAULT CHARSET=utf8mb4 COLLATE=utf8mb4_unicode_ci;

--
-- Dumping data for table `failed_jobs`
--

INSERT INTO `failed_jobs` (`id`, `uuid`, `connection`, `queue`, `payload`, `exception`, `failed_at`) VALUES
(9, 'a3304392-f178-4a7b-a686-0d797de66528', 'database', 'default', '{\"uuid\":\"a3304392-f178-4a7b-a686-0d797de66528\",\"displayName\":\"App\\\\Jobs\\\\send_code\",\"job\":\"Illuminate\\\\Queue\\\\CallQueuedHandler@call\",\"maxTries\":null,\"maxExceptions\":null,\"failOnTimeout\":false,\"backoff\":null,\"timeout\":null,\"retryUntil\":null,\"data\":{\"commandName\":\"App\\\\Jobs\\\\send_code\",\"command\":\"O:18:\\\"App\\\\Jobs\\\\send_code\\\":11:{s:7:\\\"details\\\";a:2:{s:5:\\\"title\\\";s:29:\\\"Mail from ItSolutionStuff.com\\\";s:4:\\\"body\\\";s:36:\\\"This is for testing email using smtp\\\";}s:3:\\\"job\\\";N;s:10:\\\"connection\\\";N;s:5:\\\"queue\\\";N;s:15:\\\"chainConnection\\\";N;s:10:\\\"chainQueue\\\";N;s:19:\\\"chainCatchCallbacks\\\";N;s:5:\\\"delay\\\";N;s:11:\\\"afterCommit\\\";N;s:10:\\\"middleware\\\";a:0:{}s:7:\\\"chained\\\";a:0:{}}\"}}', 'Swift_TransportException: Connection could not be established with host mail.giftstop.ir :stream_socket_client(): unable to connect to mail.giftstop.ir:587 (Connection refused) in /home/giftstop/domains/giftstop.ir/public_html/ap1/vendor/swiftmailer/swiftmailer/lib/classes/Swift/Transport/StreamBuffer.php:261\nStack trace:\n#0 [internal function]: Swift_Transport_StreamBuffer->{closure}()\n#1 /home/giftstop/domains/giftstop.ir/public_html/ap1/vendor/swiftmailer/swiftmailer/lib/classes/Swift/Transport/StreamBuffer.php(264): stream_socket_client()\n#2 /home/giftstop/domains/giftstop.ir/public_html/ap1/vendor/swiftmailer/swiftmailer/lib/classes/Swift/Transport/StreamBuffer.php(58): Swift_Transport_StreamBuffer->establishSocketConnection()\n#3 /home/giftstop/domains/giftstop.ir/public_html/ap1/vendor/swiftmailer/swiftmailer/lib/classes/Swift/Transport/AbstractSmtpTransport.php(143): Swift_Transport_StreamBuffer->initialize()\n#4 /home/giftstop/domains/giftstop.ir/public_html/ap1/vendor/swiftmailer/swiftmailer/lib/classes/Swift/Mailer.php(65): Swift_Transport_AbstractSmtpTransport->start()\n#5 /home/giftstop/domains/giftstop.ir/public_html/ap1/vendor/laravel/framework/src/Illuminate/Mail/Mailer.php(521): Swift_Mailer->send()\n#6 /home/giftstop/domains/giftstop.ir/public_html/ap1/vendor/laravel/framework/src/Illuminate/Mail/Mailer.php(288): Illuminate\\Mail\\Mailer->sendSwiftMessage()\n#7 /home/giftstop/domains/giftstop.ir/public_html/ap1/vendor/laravel/framework/src/Illuminate/Mail/Mailable.php(187): Illuminate\\Mail\\Mailer->send()\n#8 /home/giftstop/domains/giftstop.ir/public_html/ap1/vendor/laravel/framework/src/Illuminate/Support/Traits/Localizable.php(19): Illuminate\\Mail\\Mailable->Illuminate\\Mail\\{closure}()\n#9 /home/giftstop/domains/giftstop.ir/public_html/ap1/vendor/laravel/framework/src/Illuminate/Mail/Mailable.php(188): Illuminate\\Mail\\Mailable->withLocale()\n#10 /home/giftstop/domains/giftstop.ir/public_html/ap1/vendor/laravel/framework/src/Illuminate/Mail/Mailer.php(304): Illuminate\\Mail\\Mailable->send()\n#11 /home/giftstop/domains/giftstop.ir/public_html/ap1/vendor/laravel/framework/src/Illuminate/Mail/Mailer.php(258): Illuminate\\Mail\\Mailer->sendMailable()\n#12 /home/giftstop/domains/giftstop.ir/public_html/ap1/vendor/laravel/framework/src/Illuminate/Mail/PendingMail.php(124): Illuminate\\Mail\\Mailer->send()\n#13 /home/giftstop/domains/giftstop.ir/public_html/ap1/app/Jobs/send_code.php(40): Illuminate\\Mail\\PendingMail->send()\n#14 /home/giftstop/domains/giftstop.ir/public_html/ap1/vendor/laravel/framework/src/Illuminate/Container/BoundMethod.php(36): App\\Jobs\\send_code->handle()\n#15 /home/giftstop/domains/giftstop.ir/public_html/ap1/vendor/laravel/framework/src/Illuminate/Container/Util.php(40): Illuminate\\Container\\BoundMethod::Illuminate\\Container\\{closure}()\n#16 /home/giftstop/domains/giftstop.ir/public_html/ap1/vendor/laravel/framework/src/Illuminate/Container/BoundMethod.php(93): Illuminate\\Container\\Util::unwrapIfClosure()\n#17 /home/giftstop/domains/giftstop.ir/public_html/ap1/vendor/laravel/framework/src/Illuminate/Container/BoundMethod.php(37): Illuminate\\Container\\BoundMethod::callBoundMethod()\n#18 /home/giftstop/domains/giftstop.ir/public_html/ap1/vendor/laravel/framework/src/Illuminate/Container/Container.php(653): Illuminate\\Container\\BoundMethod::call()\n#19 /home/giftstop/domains/giftstop.ir/public_html/ap1/vendor/laravel/framework/src/Illuminate/Bus/Dispatcher.php(128): Illuminate\\Container\\Container->call()\n#20 /home/giftstop/domains/giftstop.ir/public_html/ap1/vendor/laravel/framework/src/Illuminate/Pipeline/Pipeline.php(128): Illuminate\\Bus\\Dispatcher->Illuminate\\Bus\\{closure}()\n#21 /home/giftstop/domains/giftstop.ir/public_html/ap1/vendor/laravel/framework/src/Illuminate/Pipeline/Pipeline.php(103): Illuminate\\Pipeline\\Pipeline->Illuminate\\Pipeline\\{closure}()\n#22 /home/giftstop/domains/giftstop.ir/public_html/ap1/vendor/laravel/framework/src/Illuminate/Bus/Dispatcher.php(132): Illuminate\\Pipeline\\Pipeline->then()\n#23 /home/giftstop/domains/giftstop.ir/public_html/ap1/vendor/laravel/framework/src/Illuminate/Queue/CallQueuedHandler.php(120): Illuminate\\Bus\\Dispatcher->dispatchNow()\n#24 /home/giftstop/domains/giftstop.ir/public_html/ap1/vendor/laravel/framework/src/Illuminate/Pipeline/Pipeline.php(128): Illuminate\\Queue\\CallQueuedHandler->Illuminate\\Queue\\{closure}()\n#25 /home/giftstop/domains/giftstop.ir/public_html/ap1/vendor/laravel/framework/src/Illuminate/Pipeline/Pipeline.php(103): Illuminate\\Pipeline\\Pipeline->Illuminate\\Pipeline\\{closure}()\n#26 /home/giftstop/domains/giftstop.ir/public_html/ap1/vendor/laravel/framework/src/Illuminate/Queue/CallQueuedHandler.php(122): Illuminate\\Pipeline\\Pipeline->then()\n#27 /home/giftstop/domains/giftstop.ir/public_html/ap1/vendor/laravel/framework/src/Illuminate/Queue/CallQueuedHandler.php(70): Illuminate\\Queue\\CallQueuedHandler->dispatchThroughMiddleware()\n#28 /home/giftstop/domains/giftstop.ir/public_html/ap1/vendor/laravel/framework/src/Illuminate/Queue/Jobs/Job.php(98): Illuminate\\Queue\\CallQueuedHandler->call()\n#29 /home/giftstop/domains/giftstop.ir/public_html/ap1/vendor/laravel/framework/src/Illuminate/Queue/Worker.php(428): Illuminate\\Queue\\Jobs\\Job->fire()\n#30 /home/giftstop/domains/giftstop.ir/public_html/ap1/vendor/laravel/framework/src/Illuminate/Queue/Worker.php(378): Illuminate\\Queue\\Worker->process()\n#31 /home/giftstop/domains/giftstop.ir/public_html/ap1/vendor/laravel/framework/src/Illuminate/Queue/Worker.php(172): Illuminate\\Queue\\Worker->runJob()\n#32 /home/giftstop/domains/giftstop.ir/public_html/ap1/vendor/laravel/framework/src/Illuminate/Queue/Console/WorkCommand.php(117): Illuminate\\Queue\\Worker->daemon()\n#33 /home/giftstop/domains/giftstop.ir/public_html/ap1/vendor/laravel/framework/src/Illuminate/Queue/Console/WorkCommand.php(101): Illuminate\\Queue\\Console\\WorkCommand->runWorker()\n#34 /home/giftstop/domains/giftstop.ir/public_html/ap1/vendor/laravel/framework/src/Illuminate/Container/BoundMethod.php(36): Illuminate\\Queue\\Console\\WorkCommand->handle()\n#35 /home/giftstop/domains/giftstop.ir/public_html/ap1/vendor/laravel/framework/src/Illuminate/Container/Util.php(40): Illuminate\\Container\\BoundMethod::Illuminate\\Container\\{closure}()\n#36 /home/giftstop/domains/giftstop.ir/public_html/ap1/vendor/laravel/framework/src/Illuminate/Container/BoundMethod.php(93): Illuminate\\Container\\Util::unwrapIfClosure()\n#37 /home/giftstop/domains/giftstop.ir/public_html/ap1/vendor/laravel/framework/src/Illuminate/Container/BoundMethod.php(37): Illuminate\\Container\\BoundMethod::callBoundMethod()\n#38 /home/giftstop/domains/giftstop.ir/public_html/ap1/vendor/laravel/framework/src/Illuminate/Container/Container.php(653): Illuminate\\Container\\BoundMethod::call()\n#39 /home/giftstop/domains/giftstop.ir/public_html/ap1/vendor/laravel/framework/src/Illuminate/Console/Command.php(136): Illuminate\\Container\\Container->call()\n#40 /home/giftstop/domains/giftstop.ir/public_html/ap1/vendor/symfony/console/Command/Command.php(299): Illuminate\\Console\\Command->execute()\n#41 /home/giftstop/domains/giftstop.ir/public_html/ap1/vendor/laravel/framework/src/Illuminate/Console/Command.php(121): Symfony\\Component\\Console\\Command\\Command->run()\n#42 /home/giftstop/domains/giftstop.ir/public_html/ap1/vendor/symfony/console/Application.php(978): Illuminate\\Console\\Command->run()\n#43 /home/giftstop/domains/giftstop.ir/public_html/ap1/vendor/symfony/console/Application.php(295): Symfony\\Component\\Console\\Application->doRunCommand()\n#44 /home/giftstop/domains/giftstop.ir/public_html/ap1/vendor/symfony/console/Application.php(167): Symfony\\Component\\Console\\Application->doRun()\n#45 /home/giftstop/domains/giftstop.ir/public_html/ap1/vendor/laravel/framework/src/Illuminate/Console/Application.php(94): Symfony\\Component\\Console\\Application->run()\n#46 /home/giftstop/domains/giftstop.ir/public_html/ap1/vendor/laravel/framework/src/Illuminate/Foundation/Console/Kernel.php(129): Illuminate\\Console\\Application->run()\n#47 /home/giftstop/domains/giftstop.ir/public_html/ap1/artisan(37): Illuminate\\Foundation\\Console\\Kernel->handle()\n#48 {main}', '2021-11-06 13:12:12');

-- --------------------------------------------------------

--
-- Table structure for table `fails`
--

CREATE TABLE `fails` (
  `id` bigint(20) UNSIGNED NOT NULL,
  `user_id` bigint(20) UNSIGNED NOT NULL,
  `cart` varchar(255) COLLATE utf8mb4_unicode_ci NOT NULL,
  `created_at` timestamp NULL DEFAULT NULL,
  `updated_at` timestamp NULL DEFAULT NULL
) ENGINE=InnoDB DEFAULT CHARSET=utf8mb4 COLLATE=utf8mb4_unicode_ci;

--
-- Dumping data for table `fails`
--

INSERT INTO `fails` (`id`, `user_id`, `cart`, `created_at`, `updated_at`) VALUES
(1, 25, 'a:1:{i:42;i:1;}', '2021-11-28 06:55:54', '2021-11-28 06:55:54'),
(2, 25, 'a:1:{i:42;i:1;}', '2021-12-11 08:44:33', '2021-12-11 08:44:33');

-- --------------------------------------------------------

--
-- Table structure for table `images`
--

CREATE TABLE `images` (
  `id` bigint(20) UNSIGNED NOT NULL,
  `about_id` bigint(20) UNSIGNED NOT NULL,
  `type` varchar(255) COLLATE utf8mb4_unicode_ci NOT NULL,
  `image` varchar(255) COLLATE utf8mb4_unicode_ci NOT NULL,
  `created_at` timestamp NULL DEFAULT NULL,
  `updated_at` timestamp NULL DEFAULT NULL
) ENGINE=InnoDB DEFAULT CHARSET=utf8mb4 COLLATE=utf8mb4_unicode_ci;

--
-- Dumping data for table `images`
--

INSERT INTO `images` (`id`, `about_id`, `type`, `image`, `created_at`, `updated_at`) VALUES
(1, 1, 'abouts', '/images/1636562137.jpg', '2021-11-10 16:35:37', '2021-11-10 16:35:37'),
(2, 1, 'abouts', '/images/1636562137.jpg', '2021-11-10 16:35:37', '2021-11-10 16:35:37');

-- --------------------------------------------------------

--
-- Table structure for table `informers`
--

CREATE TABLE `informers` (
  `id` bigint(20) UNSIGNED NOT NULL,
  `email` varchar(255) COLLATE utf8mb4_unicode_ci NOT NULL,
  `created_at` timestamp NULL DEFAULT NULL,
  `updated_at` timestamp NULL DEFAULT NULL
) ENGINE=InnoDB DEFAULT CHARSET=utf8mb4 COLLATE=utf8mb4_unicode_ci;

--
-- Dumping data for table `informers`
--

INSERT INTO `informers` (`id`, `email`, `created_at`, `updated_at`) VALUES
(1, 'dastanrab@gmail.com', '2021-11-10 06:18:35', '2021-11-10 06:18:35'),
(2, 'mmd@gmail.com', '2021-12-10 13:53:08', '2021-12-10 13:53:08'),
(3, 'mohamadi_hardware@yahoo.com', '2021-12-10 19:28:45', '2021-12-10 19:28:45');

-- --------------------------------------------------------

--
-- Table structure for table `jobs`
--

CREATE TABLE `jobs` (
  `id` bigint(20) UNSIGNED NOT NULL,
  `queue` varchar(255) COLLATE utf8mb4_unicode_ci NOT NULL,
  `payload` longtext COLLATE utf8mb4_unicode_ci NOT NULL,
  `attempts` tinyint(3) UNSIGNED NOT NULL,
  `reserved_at` int(10) UNSIGNED DEFAULT NULL,
  `available_at` int(10) UNSIGNED NOT NULL,
  `created_at` int(10) UNSIGNED NOT NULL
) ENGINE=InnoDB DEFAULT CHARSET=utf8mb4 COLLATE=utf8mb4_unicode_ci;

-- --------------------------------------------------------

--
-- Table structure for table `melis`
--

CREATE TABLE `melis` (
  `id` bigint(20) UNSIGNED NOT NULL,
  `user_id` bigint(20) UNSIGNED NOT NULL,
  `image` varchar(255) COLLATE utf8mb4_unicode_ci NOT NULL,
  `status` tinyint(1) NOT NULL DEFAULT 0,
  `created_at` timestamp NULL DEFAULT NULL,
  `updated_at` timestamp NULL DEFAULT NULL
) ENGINE=InnoDB DEFAULT CHARSET=utf8mb4 COLLATE=utf8mb4_unicode_ci;

--
-- Dumping data for table `melis`
--

INSERT INTO `melis` (`id`, `user_id`, `image`, `status`, `created_at`, `updated_at`) VALUES
(2, 25, '/tags/1638564559.png', 0, '2021-12-03 20:49:19', '2021-12-03 20:49:19'),
(3, 37, '/tags/1639139689.jpg', 0, '2021-12-10 12:31:18', '2021-12-10 12:34:49');

-- --------------------------------------------------------

--
-- Table structure for table `migrations`
--

CREATE TABLE `migrations` (
  `id` int(10) UNSIGNED NOT NULL,
  `migration` varchar(255) COLLATE utf8mb4_unicode_ci NOT NULL,
  `batch` int(11) NOT NULL
) ENGINE=InnoDB DEFAULT CHARSET=utf8mb4 COLLATE=utf8mb4_unicode_ci;

--
-- Dumping data for table `migrations`
--

INSERT INTO `migrations` (`id`, `migration`, `batch`) VALUES
(1, '2014_10_12_000000_create_users_table', 1),
(2, '2014_10_12_100000_create_password_resets_table', 1),
(3, '2019_08_19_000000_create_failed_jobs_table', 1),
(4, '2019_12_14_000001_create_personal_access_tokens_table', 1),
(5, '2021_09_28_092259_add_phone_to_users_table', 2),
(6, '2021_09_28_094436_add_phone_to_users_table', 3),
(7, '2021_10_02_131812_create_products_table', 4),
(8, '2021_10_03_070245_add_products_table', 5),
(9, '2021_10_03_082428_add_tags_table', 6),
(10, '2021_10_03_130014_add_products_table', 7),
(11, '2021_10_03_132411_add_tags_table', 8),
(12, '2021_10_09_070013_add_paid_to_users_table', 9),
(13, '2021_10_10_103806_create_codes_table', 9),
(14, '2021_10_11_080355_create_credits_table', 10),
(15, '2021_10_11_083444_add_credits', 11),
(16, '2021_10_13_081907_create_offers_table', 12),
(17, '2021_10_13_084154_add', 13),
(18, '2021_10_18_055805_create_countries_table', 14),
(19, '2021_10_18_060659_add_paid_toe', 15),
(20, '2021_10_18_061238_add_paid', 16),
(21, '2021_10_18_103517_create_prices_table', 17),
(22, '2021_10_18_103821_ad', 17),
(23, '2021_10_18_104034_ad', 18),
(24, '2021_10_19_063528_create_reviews_table', 19),
(25, '2021_10_20_101616_add_product', 20),
(26, '2021_11_06_095853_create_jobs_table', 21),
(27, '2021_11_09_192637_create_informers_table', 22),
(28, '2021_11_10_101448_create_abouts_table', 23),
(29, '2021_11_10_101921_create_images_table', 23),
(30, '2021_11_11_204231_add_describe', 24),
(31, '2021_11_14_095924_create_contacts_table', 25),
(32, '2021_11_24_090205_create_checks_table', 26),
(33, '2021_11_13_104715_create_raws_table', 27),
(34, '2021_11_13_113837_create_fails_table', 27),
(35, '2021_11_13_113859_create_delivers_table', 27),
(36, '2021_11_13_114041_create_pays_table', 27),
(37, '2021_11_27_172133_create_melis_table', 28),
(38, '2021_10_31_132308_create_blocks_table', 29);

-- --------------------------------------------------------

--
-- Table structure for table `offers`
--

CREATE TABLE `offers` (
  `id` bigint(20) UNSIGNED NOT NULL,
  `product_id` bigint(20) UNSIGNED NOT NULL,
  `off` int(11) DEFAULT NULL,
  `finish` timestamp NULL DEFAULT NULL,
  `created_at` timestamp NULL DEFAULT NULL,
  `updated_at` timestamp NULL DEFAULT NULL
) ENGINE=InnoDB DEFAULT CHARSET=utf8mb4 COLLATE=utf8mb4_unicode_ci;

--
-- Dumping data for table `offers`
--

INSERT INTO `offers` (`id`, `product_id`, `off`, `finish`, `created_at`, `updated_at`) VALUES
(5, 38, 30, '2021-10-25 07:49:44', '2021-10-23 07:49:44', '2021-10-23 07:49:44'),
(7, 39, 50, '2021-10-25 07:50:34', '2021-10-23 07:50:34', '2021-10-23 07:50:34'),
(8, 41, 45, '2021-10-24 20:59:35', '2021-10-23 20:59:35', '2021-10-23 20:59:35'),
(9, 45, 45, '2021-10-24 21:00:47', '2021-10-23 21:00:47', '2021-10-23 21:00:47'),
(12, 40, 45, '2021-10-24 21:05:24', '2021-10-23 21:05:25', '2021-10-23 21:05:25'),
(13, 42, 90, '2021-12-09 13:13:42', '2021-11-19 13:13:42', NULL),
(14, 43, 80, '2021-11-22 13:15:21', '2021-11-19 13:15:21', NULL);

-- --------------------------------------------------------

--
-- Table structure for table `password_resets`
--

CREATE TABLE `password_resets` (
  `email` varchar(255) COLLATE utf8mb4_unicode_ci NOT NULL,
  `token` varchar(255) COLLATE utf8mb4_unicode_ci NOT NULL,
  `created_at` timestamp NULL DEFAULT NULL
) ENGINE=InnoDB DEFAULT CHARSET=utf8mb4 COLLATE=utf8mb4_unicode_ci;

-- --------------------------------------------------------

--
-- Table structure for table `pays`
--

CREATE TABLE `pays` (
  `id` bigint(20) UNSIGNED NOT NULL,
  `user_id` bigint(20) UNSIGNED NOT NULL,
  `code` varchar(25) COLLATE utf8mb4_unicode_ci NOT NULL,
  `f_id` bigint(20) DEFAULT NULL,
  `amount` int(11) NOT NULL,
  `status` varchar(255) COLLATE utf8mb4_unicode_ci DEFAULT NULL,
  `payable_id` int(11) NOT NULL,
  `payable_type` varchar(255) COLLATE utf8mb4_unicode_ci NOT NULL,
  `created_at` timestamp NULL DEFAULT NULL,
  `updated_at` timestamp NULL DEFAULT NULL
) ENGINE=InnoDB DEFAULT CHARSET=utf8mb4 COLLATE=utf8mb4_unicode_ci;

--
-- Dumping data for table `pays`
--

INSERT INTO `pays` (`id`, `user_id`, `code`, `f_id`, `amount`, `status`, `payable_id`, `payable_type`, `created_at`, `updated_at`) VALUES
(1, 25, 'a7ff86c', NULL, 150000, NULL, 3, 'raw', '2021-11-24 16:44:21', '2021-11-24 16:44:21'),
(2, 25, 'a413c04', NULL, 465000, NULL, 4, 'raw', '2021-11-24 16:48:08', '2021-11-24 16:48:08'),
(3, 25, '057aa05', NULL, 1850000, NULL, 5, 'raw', '2021-11-24 18:07:41', '2021-11-24 18:07:41'),
(4, 25, 'e7a469a', NULL, 2150000, NULL, 6, 'raw', '2021-11-24 18:10:26', '2021-11-24 18:10:26'),
(5, 25, 'a64db44', NULL, 300000, NULL, 7, 'raw', '2021-11-24 19:44:50', '2021-11-24 19:44:50'),
(6, 25, '4c07a69', NULL, 50000, NULL, 8, 'raw', '2021-11-27 09:34:01', '2021-11-27 09:34:01'),
(7, 25, '84642fe', NULL, 25000, NULL, 9, 'raw', '2021-11-27 09:43:11', '2021-11-27 09:43:11'),
(8, 25, 'a347f98', NULL, 25000, NULL, 10, 'raw', '2021-11-28 06:35:22', '2021-11-28 06:35:22'),
(9, 25, '331f5d9', 70021624933, 2000, 'ok', 1, 'deliver', '2021-11-28 06:42:23', '2021-11-28 06:43:21'),
(10, 25, '8f4396b', 1, 2000, 'false', 1, 'fail', '2021-11-28 06:55:22', '2021-11-28 06:55:54'),
(11, 37, '84ec149', NULL, 20000, NULL, 13, 'raw', '2021-12-10 12:35:52', '2021-12-10 12:35:52'),
(12, 25, '3d7c879', NULL, 20000, NULL, 14, 'raw', '2021-12-10 12:37:00', '2021-12-10 12:37:00'),
(13, 37, '981c07a', NULL, 20000, NULL, 15, 'raw', '2021-12-10 12:37:14', '2021-12-10 12:37:14'),
(14, 37, '7c7fba5', NULL, 20000, NULL, 16, 'raw', '2021-12-10 12:58:57', '2021-12-10 12:58:57'),
(15, 37, '7450fed', NULL, 20000, NULL, 17, 'raw', '2021-12-10 13:00:20', '2021-12-10 13:00:20'),
(16, 37, '9815f0c', NULL, 20000, NULL, 18, 'raw', '2021-12-10 13:01:21', '2021-12-10 13:01:21'),
(17, 37, 'af705a4', NULL, 20000, NULL, 19, 'raw', '2021-12-10 13:02:10', '2021-12-10 13:02:10'),
(18, 37, '45d1248', NULL, 20000, NULL, 20, 'raw', '2021-12-10 13:02:52', '2021-12-10 13:02:52'),
(19, 25, '4df299f', 1, 20000, 'false', 2, 'fail', '2021-12-11 08:44:12', '2021-12-11 08:44:33'),
(20, 31, 'db850c8', NULL, 20000, NULL, 22, 'raw', '2021-12-11 08:47:58', '2021-12-11 08:47:58'),
(21, 31, 'bb18cfb', NULL, 20000, NULL, 23, 'raw', '2021-12-11 08:50:19', '2021-12-11 08:50:19'),
(22, 31, 'c5cde07', NULL, 20000, NULL, 24, 'raw', '2021-12-11 08:54:01', '2021-12-11 08:54:01');

-- --------------------------------------------------------

--
-- Table structure for table `personal_access_tokens`
--

CREATE TABLE `personal_access_tokens` (
  `id` bigint(20) UNSIGNED NOT NULL,
  `tokenable_type` varchar(255) COLLATE utf8mb4_unicode_ci NOT NULL,
  `tokenable_id` bigint(20) UNSIGNED NOT NULL,
  `name` varchar(255) COLLATE utf8mb4_unicode_ci NOT NULL,
  `token` varchar(64) COLLATE utf8mb4_unicode_ci NOT NULL,
  `abilities` text COLLATE utf8mb4_unicode_ci DEFAULT NULL,
  `last_used_at` timestamp NULL DEFAULT NULL,
  `created_at` timestamp NULL DEFAULT NULL,
  `updated_at` timestamp NULL DEFAULT NULL
) ENGINE=InnoDB DEFAULT CHARSET=utf8mb4 COLLATE=utf8mb4_unicode_ci;

--
-- Dumping data for table `personal_access_tokens`
--

INSERT INTO `personal_access_tokens` (`id`, `tokenable_type`, `tokenable_id`, `name`, `token`, `abilities`, `last_used_at`, `created_at`, `updated_at`) VALUES
(1, 'App\\Models\\User', 3, 'MyApp', '3321fa14b1bbbeea6612ba52c0d76358e43f53bf3bd0391b56bddef17f95adb4', '[\"*\"]', NULL, '2021-09-28 07:00:26', '2021-09-28 07:00:26'),
(2, 'App\\Models\\User', 3, 'MyApp', 'defb7143b94e3153e1cc03e562dc2d7d543f8cce300b1f26db07ffae4154e06c', '[\"*\"]', NULL, '2021-09-28 07:01:01', '2021-09-28 07:01:01'),
(3, 'App\\Models\\User', 3, 'MyApp', 'b2aa50146a2893683ea26864154d3b19e1235f2605dc91e3a52bee2e8cf39830', '[\"*\"]', NULL, '2021-09-28 07:01:08', '2021-09-28 07:01:08'),
(4, 'App\\Models\\User', 3, 'MyApp', '91d96cc353893e1cfd0ab557227c0cbab05dc64e90cb620fb46c05fd3f3588ac', '[\"*\"]', NULL, '2021-09-28 07:01:09', '2021-09-28 07:01:09'),
(5, 'App\\Models\\User', 3, 'MyApp', '7b2cfe788f91386eee7eae43db2d9d0df580488db1b9a3c4bd315e31f562eb07', '[\"*\"]', NULL, '2021-09-28 07:01:12', '2021-09-28 07:01:12'),
(6, 'App\\Models\\User', 15, 'MyAuthApp', 'e0580314ff2b446383f1c7fe0783c3031532ec840567071eff9d9febdfd38577', '[\"*\"]', NULL, '2021-10-13 10:05:21', '2021-10-13 10:05:21'),
(7, 'App\\Models\\User', 15, 'MyAuthApp', 'e584390578e55e10608b29531863cec915f933e6fa2bb6c04d8aedf74b05fa59', '[\"*\"]', NULL, '2021-10-13 10:05:36', '2021-10-13 10:05:36'),
(8, 'App\\Models\\User', 15, 'MyAuthApp', 'ff48dad43a5fa18867a983d4a76b0c4e85702793ee34cf2ee0400965f309df22', '[\"*\"]', NULL, '2021-10-13 10:05:45', '2021-10-13 10:05:45'),
(9, 'App\\Models\\User', 15, 'MyAuthApp', '2d2301970bf60fdd56afdc18f2fc1384285df1287496f22d39b47c27c7b60ef4', '[\"*\"]', NULL, '2021-10-13 10:09:48', '2021-10-13 10:09:48'),
(10, 'App\\Models\\User', 15, 'MyAuthApp', '5e278cc6f13780946145308ca73618d1bfc9d2eea3a9733b83124d6a919da4d2', '[\"*\"]', NULL, '2021-10-13 10:10:02', '2021-10-13 10:10:02'),
(11, 'App\\Models\\User', 15, 'MyAuthApp', '6495f5f2cb6cb7f39470855a1eaddcc02f3284cdbba79f7e0f824f94a42f94b7', '[\"*\"]', NULL, '2021-10-13 10:10:33', '2021-10-13 10:10:33'),
(12, 'App\\Models\\User', 15, 'MyAuthApp', '814cc04d6c43183fb02ead4374bcb643256d87446f5c113e5bea73ce6c7f0a34', '[\"*\"]', '2021-10-13 10:15:51', '2021-10-13 10:15:10', '2021-10-13 10:15:51'),
(37, 'App\\Models\\User', 29, 'MyAuthApp', '3cc5bb68b203064f4490c4f699fa16ba6238cb4a6ff7494795b77d2f013dba67', '[\"*\"]', NULL, '2021-11-14 19:37:07', '2021-11-14 19:37:07'),
(47, 'App\\Models\\User', 35, 'MyAuthApp', '3b710948504da2691f4791ffd14038408f50dadb20fba64548b0fd0aab4709bf', '[\"*\"]', NULL, '2021-11-26 16:07:45', '2021-11-26 16:07:45'),
(71, 'App\\Models\\User', 28, 'MyAuthApp', 'c78c45f4e37de87b1d9612212e2748d01e6de8d7d2b4c95eb1245e5816ee58db', '[\"*\"]', '2021-12-04 07:24:09', '2021-12-04 07:09:20', '2021-12-04 07:24:09'),
(72, 'App\\Models\\User', 37, 'MyAuthApp', '1d045a43c1f5437f55345e61b2b02f9713a377392c1e4bc5fdd854f27e04bcc4', '[\"*\"]', '2021-12-10 15:22:50', '2021-12-10 11:18:14', '2021-12-10 15:22:50'),
(73, 'App\\Models\\User', 24, 'MyAuthApp', 'e38331d61f42c58d8a379b04ca200c4d96500923e8b4bc5b2d2053e01b3aee3f', '[\"*\"]', '2021-12-10 12:15:02', '2021-12-10 12:13:04', '2021-12-10 12:15:02'),
(76, 'App\\Models\\User', 26, 'MyAuthApp', '8a9b9b208d6b7996f4cdefd8748b83f91ab4c44d529114c0d52686ff6d4298bb', '[\"*\"]', NULL, '2021-12-11 08:37:56', '2021-12-11 08:37:56'),
(77, 'App\\Models\\User', 25, 'MyAuthApp', 'd549bdaf7dffdbd461d89aca14bc535f1f768d4ecfafea697d55e3413214dc40', '[\"*\"]', '2021-12-11 08:44:18', '2021-12-11 08:43:56', '2021-12-11 08:44:18'),
(78, 'App\\Models\\User', 31, 'MyAuthApp', 'fb1d25078be73b1252e577fcc49a1b446ae4ad94e9f7d0236d3de2a632ae8bd8', '[\"*\"]', '2021-12-11 08:57:56', '2021-12-11 08:45:40', '2021-12-11 08:57:56'),
(79, 'App\\Models\\User', 39, 'MyAuthApp', 'fe1e5e2f8860f638aed078e95949a3974bc78f0ef0b5d2493f5a64cff45640e7', '[\"*\"]', NULL, '2021-12-11 09:06:41', '2021-12-11 09:06:41');

-- --------------------------------------------------------

--
-- Table structure for table `prices`
--

CREATE TABLE `prices` (
  `id` bigint(20) UNSIGNED NOT NULL,
  `doller` varchar(10) COLLATE utf8mb4_unicode_ci DEFAULT NULL,
  `created_at` timestamp NULL DEFAULT NULL,
  `updated_at` timestamp NULL DEFAULT NULL
) ENGINE=InnoDB DEFAULT CHARSET=utf8mb4 COLLATE=utf8mb4_unicode_ci;

--
-- Dumping data for table `prices`
--

INSERT INTO `prices` (`id`, `doller`, `created_at`, `updated_at`) VALUES
(1, '10', '2021-10-18 07:32:24', '2021-10-18 07:32:24'),
(6, '20', '2021-10-23 08:08:50', '2021-10-23 08:08:50'),
(7, NULL, '2021-10-23 08:23:48', '2021-10-23 08:23:48'),
(11, '10£', '2021-11-29 07:44:18', '2021-11-29 07:44:18'),
(12, '25£', '2021-12-03 19:45:43', '2021-12-03 19:45:43');

-- --------------------------------------------------------

--
-- Table structure for table `products`
--

CREATE TABLE `products` (
  `id` bigint(20) UNSIGNED NOT NULL,
  `tag_id` bigint(20) UNSIGNED NOT NULL,
  `credit_id` bigint(20) UNSIGNED NOT NULL,
  `price_id` bigint(20) UNSIGNED NOT NULL,
  `name` varchar(255) COLLATE utf8mb4_unicode_ci NOT NULL,
  `price` int(11) NOT NULL,
  `total_vote` bigint(20) NOT NULL DEFAULT 0,
  `total_avg` decimal(10,2) NOT NULL DEFAULT 0.00,
  `total_sold` int(11) NOT NULL DEFAULT 0,
  `created_at` timestamp NULL DEFAULT NULL,
  `updated_at` timestamp NULL DEFAULT NULL,
  `describe` text COLLATE utf8mb4_unicode_ci DEFAULT NULL
) ENGINE=InnoDB DEFAULT CHARSET=utf8mb4 COLLATE=utf8mb4_unicode_ci;

--
-- Dumping data for table `products`
--

INSERT INTO `products` (`id`, `tag_id`, `credit_id`, `price_id`, `name`, `price`, `total_vote`, `total_avg`, `total_sold`, `created_at`, `updated_at`, `describe`) VALUES
(38, 20, 3, 1, 'play station 10', 150000, 0, '0.00', 0, '2021-10-18 08:05:29', '2021-10-18 08:05:29', 'خرید گیفت کارت اپل ارزان ⭐ خرید گیفت کارت اپل آیتونز با تحویل آنی ⭐ خرید استیم ولت ارزان \r\nمی‌توانید اکانت استیم خود را شارژ نموده و به این ترتیب، به آرشیو بازی‌های بی‌نظیر، قابلیت بازی آنلاین با دوستان و افراد دیگر، فضایی برای ذخیره سازی آنلاین بازی‌ها و امکان آپدیت خودکار آنها دسترسی داشته باشید. بعد از خرید، دیگر مهم نیست که در حال کار با چه سیستم عاملی (مک، ویندوز، لینوکس، تلفن هوشمند یا تلویزیون) باشید. استیم همواره با شما خواهد بود. پس هم اینک خود را برای اولین خرید و تجربه کار با بهترین بازی‌ها آماده نمایید.\r\n'),
(39, 20, 5, 1, 'play station 10', 1000000, 0, '0.00', 65, '2021-10-18 08:34:14', '2021-10-18 08:34:14', 'خرید گیفت کارت اپل ارزان ⭐ خرید گیفت کارت اپل آیتونز با تحویل آنی ⭐ خرید استیم ولت ارزان \r\nمی‌توانید اکانت استیم خود را شارژ نموده و به این ترتیب، به آرشیو بازی‌های بی‌نظیر، قابلیت بازی آنلاین با دوستان و افراد دیگر، فضایی برای ذخیره سازی آنلاین بازی‌ها و امکان آپدیت خودکار آنها دسترسی داشته باشید. بعد از خرید، دیگر مهم نیست که در حال کار با چه سیستم عاملی (مک، ویندوز، لینوکس، تلفن هوشمند یا تلویزیون) باشید. استیم همواره با شما خواهد بود. پس هم اینک خود را برای اولین خرید و تجربه کار با بهترین بازی‌ها آماده نمایید.\r\n'),
(40, 21, 1, 6, 'xbox 20', 600000, 0, '0.00', 0, '2021-10-23 08:41:05', '2021-10-23 08:41:05', 'خرید گیفت کارت اپل ارزان ⭐ خرید گیفت کارت اپل آیتونز با تحویل آنی ⭐ خرید استیم ولت ارزان \r\nمی‌توانید اکانت استیم خود را شارژ نموده و به این ترتیب، به آرشیو بازی‌های بی‌نظیر، قابلیت بازی آنلاین با دوستان و افراد دیگر، فضایی برای ذخیره سازی آنلاین بازی‌ها و امکان آپدیت خودکار آنها دسترسی داشته باشید. بعد از خرید، دیگر مهم نیست که در حال کار با چه سیستم عاملی (مک، ویندوز، لینوکس، تلفن هوشمند یا تلویزیون) باشید. استیم همواره با شما خواهد بود. پس هم اینک خود را برای اولین خرید و تجربه کار با بهترین بازی‌ها آماده نمایید.\r\n'),
(41, 21, 4, 7, 'xbox 4 month', 1000000, 66, '4.50', 668, '2021-10-23 08:52:32', '2021-10-23 08:52:32', 'خرید گیفت کارت اپل ارزان ⭐ خرید گیفت کارت اپل آیتونز با تحویل آنی ⭐ خرید استیم ولت ارزان \r\nمی‌توانید اکانت استیم خود را شارژ نموده و به این ترتیب، به آرشیو بازی‌های بی‌نظیر، قابلیت بازی آنلاین با دوستان و افراد دیگر، فضایی برای ذخیره سازی آنلاین بازی‌ها و امکان آپدیت خودکار آنها دسترسی داشته باشید. بعد از خرید، دیگر مهم نیست که در حال کار با چه سیستم عاملی (مک، ویندوز، لینوکس، تلفن هوشمند یا تلویزیون) باشید. استیم همواره با شما خواهد بود. پس هم اینک خود را برای اولین خرید و تجربه کار با بهترین بازی‌ها آماده نمایید.\r\n'),
(42, 22, 1, 1, 'steam 10$', 20000, 0, '0.00', 0, '2021-10-23 09:01:12', '2021-10-23 09:01:12', 'خرید گیفت کارت اپل ارزان ⭐ خرید گیفت کارت اپل آیتونز با تحویل آنی ⭐ خرید استیم ولت ارزان \r\nمی‌توانید اکانت استیم خود را شارژ نموده و به این ترتیب، به آرشیو بازی‌های بی‌نظیر، قابلیت بازی آنلاین با دوستان و افراد دیگر، فضایی برای ذخیره سازی آنلاین بازی‌ها و امکان آپدیت خودکار آنها دسترسی داشته باشید. بعد از خرید، دیگر مهم نیست که در حال کار با چه سیستم عاملی (مک، ویندوز، لینوکس، تلفن هوشمند یا تلویزیون) باشید. استیم همواره با شما خواهد بود. پس هم اینک خود را برای اولین خرید و تجربه کار با بهترین بازی‌ها آماده نمایید.\r\n'),
(43, 22, 1, 6, 'steam 20$', 500000, 55, '5.00', 54, '2021-10-23 09:03:32', '2021-10-23 09:03:32', 'خرید گیفت کارت اپل ارزان ⭐ خرید گیفت کارت اپل آیتونز با تحویل آنی ⭐ خرید استیم ولت ارزان \r\nمی‌توانید اکانت استیم خود را شارژ نموده و به این ترتیب، به آرشیو بازی‌های بی‌نظیر، قابلیت بازی آنلاین با دوستان و افراد دیگر، فضایی برای ذخیره سازی آنلاین بازی‌ها و امکان آپدیت خودکار آنها دسترسی داشته باشید. بعد از خرید، دیگر مهم نیست که در حال کار با چه سیستم عاملی (مک، ویندوز، لینوکس، تلفن هوشمند یا تلویزیون) باشید. استیم همواره با شما خواهد بود. پس هم اینک خود را برای اولین خرید و تجربه کار با بهترین بازی‌ها آماده نمایید.\r\n'),
(45, 23, 1, 6, 'playstation 10$', 300000, 1355, '4.40', 56565, '2021-10-23 09:12:45', '2021-10-23 09:12:45', 'خرید گیفت کارت اپل ارزان ⭐ خرید گیفت کارت اپل آیتونز با تحویل آنی ⭐ خرید استیم ولت ارزان \r\nمی‌توانید اکانت استیم خود را شارژ نموده و به این ترتیب، به آرشیو بازی‌های بی‌نظیر، قابلیت بازی آنلاین با دوستان و افراد دیگر، فضایی برای ذخیره سازی آنلاین بازی‌ها و امکان آپدیت خودکار آنها دسترسی داشته باشید. بعد از خرید، دیگر مهم نیست که در حال کار با چه سیستم عاملی (مک، ویندوز، لینوکس، تلفن هوشمند یا تلویزیون) باشید. استیم همواره با شما خواهد بود. پس هم اینک خود را برای اولین خرید و تجربه کار با بهترین بازی‌ها آماده نمایید.\r\n'),
(46, 26, 1, 1, 'Google 10$', 300000, 0, '0.00', 0, '2021-11-19 13:37:55', NULL, ';ldksldk;skdls;lkdsl;fklsl;kfkls;fklslk;kskfsfsfksklfsklfjsklkkkkkkkkkkkkkkkjhjughfhgffyiyfufrdrdytfyjfyfhjfjhfhjfghfhjfjfhkhfkfghghffjhfjfkhfkhfgkhfkuljpufcdfsdrtxfgsfgsfgsfgsffgsfgssfgsgfgsgfsfgsgsg'),
(47, 26, 1, 6, 'Google 20$', 450000, 0, '0.00', 0, '2021-11-19 13:35:36', NULL, 'خرید گیفت کارت اپل ارزان ⭐ خرید گیفت کارت اپل آیتونز با تحویل آنی ⭐ خرید استیم ولت ارزان \\r\\nمی‌توانید اکانت استیم خود را شارژ نموده و به این ترتیب، به آرشیو بازی‌های بی‌نظیر، قابلیت بازی آنلاین با دوستان و افراد دیگر، فضایی برای ذخیره سازی آنلاین بازی‌ها و امکان آپدیت خودکار آنها دسترسی داشته باشید. بعد از خرید، دیگر مهم نیست که در حال کار با چه سیستم عاملی (مک، ویندوز، لینوکس، تلفن هوشمند یا تلویزیون) باشید. استیم همواره با شما خواهد بود. پس هم اینک خود را برای اولین خرید و تجربه کار با بهترین بازی‌ها آماده نمایید.\\r\\n'),
(48, 21, 3, 7, 'xbox month', 450000, 0, '0.00', 0, '2021-11-20 12:34:25', NULL, 'خرید گیفت کارت اپل ارزان ⭐ خرید گیفت کارت اپل آیتونز با تحویل آنی ⭐ خرید استیم ولت ارزان \\r\\nمی‌توانید اکانت استیم خود را شارژ نموده و به این ترتیب، به آرشیو بازی‌های بی‌نظیر، قابلیت بازی آنلاین با دوستان و افراد دیگر، فضایی برای ذخیره سازی آنلاین بازی‌ها و امکان آپدیت خودکار آنها دسترسی داشته باشید. بعد از خرید، دیگر مهم نیست که در حال کار با چه سیستم عاملی (مک، ویندوز، لینوکس، تلفن هوشمند یا تلویزیون) باشید. استیم همواره با شما خواهد بود. پس هم اینک خود را برای اولین خرید و تجربه کار با بهترین بازی‌ها آماده نمایید.\\r\\n'),
(49, 21, 5, 7, 'xbox day', 120000, 0, '0.00', 0, '2021-11-20 12:34:30', NULL, 'خرید گیفت کارت اپل ارزان ⭐ خرید گیفت کارت اپل آیتونز با تحویل آنی ⭐ خرید استیم ولت ارزان \\r\\nمی‌توانید اکانت استیم خود را شارژ نموده و به این ترتیب، به آرشیو بازی‌های بی‌نظیر، قابلیت بازی آنلاین با دوستان و افراد دیگر، فضایی برای ذخیره سازی آنلاین بازی‌ها و امکان آپدیت خودکار آنها دسترسی داشته باشید. بعد از خرید، دیگر مهم نیست که در حال کار با چه سیستم عاملی (مک، ویندوز، لینوکس، تلفن هوشمند یا تلویزیون) باشید. استیم همواره با شما خواهد بود. پس هم اینک خود را برای اولین خرید و تجربه کار با بهترین بازی‌ها آماده نمایید.\\r\\n'),
(50, 26, 3, 7, 'Google month', 450000, 0, '0.00', 0, '2021-11-20 12:35:11', NULL, 'خرید گیفت کارت اپل ارزان ⭐ خرید گیفت کارت اپل آیتونز با تحویل آنی ⭐ خرید استیم ولت ارزان \\r\\nمی‌توانید اکانت استیم خود را شارژ نموده و به این ترتیب، به آرشیو بازی‌های بی‌نظیر، قابلیت بازی آنلاین با دوستان و افراد دیگر، فضایی برای ذخیره سازی آنلاین بازی‌ها و امکان آپدیت خودکار آنها دسترسی داشته باشید. بعد از خرید، دیگر مهم نیست که در حال کار با چه سیستم عاملی (مک، ویندوز، لینوکس، تلفن هوشمند یا تلویزیون) باشید. استیم همواره با شما خواهد بود. پس هم اینک خود را برای اولین خرید و تجربه کار با بهترین بازی‌ها آماده نمایید.\\r\\n'),
(51, 26, 5, 7, 'Google day', 250000, 0, '0.00', 0, '2021-11-20 12:35:11', NULL, 'خرید گیفت کارت اپل ارزان ⭐ خرید گیفت کارت اپل آیتونز با تحویل آنی ⭐ خرید استیم ولت ارزان \\r\\nمی‌توانید اکانت استیم خود را شارژ نموده و به این ترتیب، به آرشیو بازی‌های بی‌نظیر، قابلیت بازی آنلاین با دوستان و افراد دیگر، فضایی برای ذخیره سازی آنلاین بازی‌ها و امکان آپدیت خودکار آنها دسترسی داشته باشید. بعد از خرید، دیگر مهم نیست که در حال کار با چه سیستم عاملی (مک، ویندوز، لینوکس، تلفن هوشمند یا تلویزیون) باشید. استیم همواره با شما خواهد بود. پس هم اینک خود را برای اولین خرید و تجربه کار با بهترین بازی‌ها آماده نمایید.\\r\\n'),
(52, 22, 5, 7, 'steam day', 120000, 0, '0.00', 0, '2021-11-20 12:37:57', NULL, 'خرید گیفت کارت اپل ارزان ⭐ خرید گیفت کارت اپل آیتونز با تحویل آنی ⭐ خرید استیم ولت ارزان \\r\\nمی‌توانید اکانت استیم خود را شارژ نموده و به این ترتیب، به آرشیو بازی‌های بی‌نظیر، قابلیت بازی آنلاین با دوستان و افراد دیگر، فضایی برای ذخیره سازی آنلاین بازی‌ها و امکان آپدیت خودکار آنها دسترسی داشته باشید. بعد از خرید، دیگر مهم نیست که در حال کار با چه سیستم عاملی (مک، ویندوز، لینوکس، تلفن هوشمند یا تلویزیون) باشید. استیم همواره با شما خواهد بود. پس هم اینک خود را برای اولین خرید و تجربه کار با بهترین بازی‌ها آماده نمایید.\\r\\n'),
(53, 22, 3, 7, 'steam month', 500000, 0, '0.00', 0, '2021-11-20 12:37:57', NULL, 'خرید گیفت کارت اپل ارزان ⭐ خرید گیفت کارت اپل آیتونز با تحویل آنی ⭐ خرید استیم ولت ارزان \\r\\nمی‌توانید اکانت استیم خود را شارژ نموده و به این ترتیب، به آرشیو بازی‌های بی‌نظیر، قابلیت بازی آنلاین با دوستان و افراد دیگر، فضایی برای ذخیره سازی آنلاین بازی‌ها و امکان آپدیت خودکار آنها دسترسی داشته باشید. بعد از خرید، دیگر مهم نیست که در حال کار با چه سیستم عاملی (مک، ویندوز، لینوکس، تلفن هوشمند یا تلویزیون) باشید. استیم همواره با شما خواهد بود. پس هم اینک خود را برای اولین خرید و تجربه کار با بهترین بازی‌ها آماده نمایید.\\r\\n'),
(56, 23, 5, 6, 'playstation 20 day', 450000, 4446, '3.00', 0, '2021-11-20 12:51:50', NULL, 'خرید گیفت کارت اپل ارزان ⭐ خرید گیفت کارت اپل آیتونز با تحویل آنی ⭐ خرید استیم ولت ارزان \\r\\nمی‌توانید اکانت استیم خود را شارژ نموده و به این ترتیب، به آرشیو بازی‌های بی‌نظیر، قابلیت بازی آنلاین با دوستان و افراد دیگر، فضایی برای ذخیره سازی آنلاین بازی‌ها و امکان آپدیت خودکار آنها دسترسی داشته باشید. بعد از خرید، دیگر مهم نیست که در حال کار با چه سیستم عاملی (مک، ویندوز، لینوکس، تلفن هوشمند یا تلویزیون) باشید. استیم همواره با شما خواهد بود. پس هم اینک خود را برای اولین خرید و تجربه کار با بهترین بازی‌ها آماده نمایید.\\r\\n'),
(58, 20, 3, 7, 'playstaion month', 300000, 0, '0.00', 0, '2021-11-20 12:54:48', NULL, 'خرید گیفت کارت اپل ارزان ⭐ خرید گیفت کارت اپل آیتونز با تحویل آنی ⭐ خرید استیم ولت ارزان \\r\\nمی‌توانید اکانت استیم خود را شارژ نموده و به این ترتیب، به آرشیو بازی‌های بی‌نظیر، قابلیت بازی آنلاین با دوستان و افراد دیگر، فضایی برای ذخیره سازی آنلاین بازی‌ها و امکان آپدیت خودکار آنها دسترسی داشته باشید. بعد از خرید، دیگر مهم نیست که در حال کار با چه سیستم عاملی (مک، ویندوز، لینوکس، تلفن هوشمند یا تلویزیون) باشید. استیم همواره با شما خواهد بود. پس هم اینک خود را برای اولین خرید و تجربه کار با بهترین بازی‌ها آماده نمایید.\\r\\n'),
(59, 23, 5, 7, 'playstation day', 50000, 0, '0.00', 0, '2021-11-20 12:54:48', NULL, 'خرید گیفت کارت اپل ارزان ⭐ خرید گیفت کارت اپل آیتونز با تحویل آنی ⭐ خرید استیم ولت ارزان \\r\\nمی‌توانید اکانت استیم خود را شارژ نموده و به این ترتیب، به آرشیو بازی‌های بی‌نظیر، قابلیت بازی آنلاین با دوستان و افراد دیگر، فضایی برای ذخیره سازی آنلاین بازی‌ها و امکان آپدیت خودکار آنها دسترسی داشته باشید. بعد از خرید، دیگر مهم نیست که در حال کار با چه سیستم عاملی (مک، ویندوز، لینوکس، تلفن هوشمند یا تلویزیون) باشید. استیم همواره با شما خواهد بود. پس هم اینک خود را برای اولین خرید و تجربه کار با بهترین بازی‌ها آماده نمایید.\\r\\n'),
(61, 30, 5, 7, 'activiton day', 250000, 0, '0.00', 0, NULL, NULL, 'خرید گیفت کارت اپل ارزان ⭐ خرید گیفت کارت اپل آیتونز با تحویل آنی ⭐ خرید استیم ولت ارزان \\r\\nمی‌توانید اکانت استیم خود را شارژ نموده و به این ترتیب، به آرشیو بازی‌های بی‌نظیر، قابلیت بازی آنلاین با دوستان و افراد دیگر، فضایی برای ذخیره سازی آنلاین بازی‌ها و امکان آپدیت خودکار آنها دسترسی داشته باشید. بعد از خرید، دیگر مهم نیست که در حال کار با چه سیستم عاملی (مک، ویندوز، لینوکس، تلفن هوشمند یا تلویزیون) باشید. استیم همواره با شما خواهد بود. پس هم اینک خود را برای اولین خرید و تجربه کار با بهترین بازی‌ها آماده نمایید.\\r\\n'),
(62, 28, 5, 7, 'fortnite day', 300000, 6465, '0.00', 0, NULL, NULL, 'خرید گیفت کارت اپل ارزان ⭐ خرید گیفت کارت اپل آیتونز با تحویل آنی ⭐ خرید استیم ولت ارزان \\r\\nمی‌توانید اکانت استیم خود را شارژ نموده و به این ترتیب، به آرشیو بازی‌های بی‌نظیر، قابلیت بازی آنلاین با دوستان و افراد دیگر، فضایی برای ذخیره سازی آنلاین بازی‌ها و امکان آپدیت خودکار آنها دسترسی داشته باشید. بعد از خرید، دیگر مهم نیست که در حال کار با چه سیستم عاملی (مک، ویندوز، لینوکس، تلفن هوشمند یا تلویزیون) باشید. استیم همواره با شما خواهد بود. پس هم اینک خود را برای اولین خرید و تجربه کار با بهترین بازی‌ها آماده نمایید.\\r\\n'),
(75, 20, 1, 1, 'aa', 100, 0, '0.00', 0, '2021-12-07 12:19:40', '2021-12-07 12:19:40', NULL);

-- --------------------------------------------------------

--
-- Table structure for table `raws`
--

CREATE TABLE `raws` (
  `id` bigint(20) UNSIGNED NOT NULL,
  `user_id` bigint(20) UNSIGNED NOT NULL,
  `cart` varchar(255) COLLATE utf8mb4_unicode_ci NOT NULL,
  `created_at` timestamp NULL DEFAULT NULL,
  `updated_at` timestamp NULL DEFAULT NULL
) ENGINE=InnoDB DEFAULT CHARSET=utf8mb4 COLLATE=utf8mb4_unicode_ci;

--
-- Dumping data for table `raws`
--

INSERT INTO `raws` (`id`, `user_id`, `cart`, `created_at`, `updated_at`) VALUES
(1, 25, 'a:1:{i:38;i:1;}', '2021-11-24 16:30:34', '2021-11-24 16:30:34'),
(2, 25, 'a:1:{i:38;i:1;}', '2021-11-24 16:37:09', '2021-11-24 16:37:09'),
(3, 25, 'a:1:{i:38;i:1;}', '2021-11-24 16:44:21', '2021-11-24 16:44:21'),
(4, 25, 'a:2:{i:38;i:2;i:45;i:1;}', '2021-11-24 16:48:08', '2021-11-24 16:48:08'),
(5, 25, 'a:3:{i:45;i:2;i:42;i:2;i:40;i:2;}', '2021-11-24 18:07:41', '2021-11-24 18:07:41'),
(6, 25, 'a:3:{i:40;i:3;i:42;i:2;i:45;i:1;}', '2021-11-24 18:10:26', '2021-11-24 18:10:26'),
(7, 25, 'a:1:{i:38;i:2;}', '2021-11-24 19:44:50', '2021-11-24 19:44:50'),
(8, 25, 'a:1:{i:42;i:2;}', '2021-11-27 09:34:01', '2021-11-27 09:34:01'),
(9, 25, 'a:1:{i:42;i:1;}', '2021-11-27 09:43:11', '2021-11-27 09:43:11'),
(10, 25, 'a:1:{i:42;i:1;}', '2021-11-28 06:35:22', '2021-11-28 06:35:22'),
(13, 37, 'a:1:{i:42;i:1;}', '2021-12-10 12:35:52', '2021-12-10 12:35:52'),
(14, 25, 'a:1:{i:42;i:1;}', '2021-12-10 12:37:00', '2021-12-10 12:37:00'),
(15, 37, 'a:1:{i:42;i:1;}', '2021-12-10 12:37:14', '2021-12-10 12:37:14'),
(16, 37, 'a:1:{i:42;i:1;}', '2021-12-10 12:58:57', '2021-12-10 12:58:57'),
(17, 37, 'a:1:{i:42;i:1;}', '2021-12-10 13:00:20', '2021-12-10 13:00:20'),
(18, 37, 'a:1:{i:42;i:1;}', '2021-12-10 13:01:21', '2021-12-10 13:01:21'),
(19, 37, 'a:1:{i:42;i:1;}', '2021-12-10 13:02:10', '2021-12-10 13:02:10'),
(20, 37, 'a:1:{i:42;i:1;}', '2021-12-10 13:02:52', '2021-12-10 13:02:52'),
(22, 31, 'a:1:{i:42;i:1;}', '2021-12-11 08:47:58', '2021-12-11 08:47:58'),
(23, 31, 'a:1:{i:42;i:1;}', '2021-12-11 08:50:19', '2021-12-11 08:50:19'),
(24, 31, 'a:1:{i:42;i:1;}', '2021-12-11 08:54:01', '2021-12-11 08:54:01');

-- --------------------------------------------------------

--
-- Table structure for table `reviews`
--

CREATE TABLE `reviews` (
  `id` bigint(20) UNSIGNED NOT NULL,
  `product_id` bigint(20) UNSIGNED NOT NULL,
  `user_id` bigint(20) UNSIGNED NOT NULL,
  `vote` decimal(2,1) NOT NULL,
  `body` text COLLATE utf8mb4_unicode_ci NOT NULL,
  `status` int(11) NOT NULL DEFAULT 0,
  `created_at` timestamp NULL DEFAULT NULL,
  `updated_at` timestamp NULL DEFAULT NULL
) ENGINE=InnoDB DEFAULT CHARSET=utf8mb4 COLLATE=utf8mb4_unicode_ci;

--
-- Dumping data for table `reviews`
--

INSERT INTO `reviews` (`id`, `product_id`, `user_id`, `vote`, `body`, `status`, `created_at`, `updated_at`) VALUES
(1, 38, 14, '4.0', 'FHJFGHGHFIUGUIGFHFHG IGYGHGFHGHJG', 1, NULL, NULL),
(2, 39, 14, '4.5', 'UKG SEREARWRAWRRA', 1, NULL, NULL),
(7, 43, 25, '5.0', 'خیلی عالی', 0, '2021-12-03 07:42:11', '2021-12-03 07:42:11'),
(8, 45, 25, '5.0', 'خیلی عالی', 0, '2021-12-03 07:43:55', '2021-12-03 07:43:55'),
(9, 38, 37, '3.0', 'test', 0, '2021-12-10 15:22:18', '2021-12-10 15:22:18'),
(10, 40, 31, '5.0', 'null', 0, '2021-12-11 08:57:56', '2021-12-11 08:57:56');

-- --------------------------------------------------------

--
-- Table structure for table `tags`
--

CREATE TABLE `tags` (
  `id` bigint(20) UNSIGNED NOT NULL,
  `country_id` bigint(20) UNSIGNED NOT NULL,
  `name` varchar(20) COLLATE utf8mb4_unicode_ci NOT NULL,
  `image` varchar(255) COLLATE utf8mb4_unicode_ci NOT NULL,
  `created_at` timestamp NULL DEFAULT NULL,
  `updated_at` timestamp NULL DEFAULT NULL
) ENGINE=InnoDB DEFAULT CHARSET=utf8mb4 COLLATE=utf8mb4_unicode_ci;

--
-- Dumping data for table `tags`
--

INSERT INTO `tags` (`id`, `country_id`, `name`, `image`, `created_at`, `updated_at`) VALUES
(20, 1, 'playstation', '/tags/1637579103.png', '2021-10-18 05:08:07', '2021-11-22 11:05:03'),
(21, 4, 'xbox', '/tags/1637578232.png', '2021-10-23 08:33:16', '2021-11-22 10:50:32'),
(22, 1, 'steam', '/tags/1637562812.png', '2021-10-23 08:59:17', '2021-11-22 06:33:32'),
(23, 4, 'playstation', '/tags/1637579130.png', '2021-10-23 09:12:25', '2021-11-22 11:05:30'),
(25, 4, 'steam', '/tags/1637562738.png', '2021-11-06 08:19:28', '2021-11-22 06:32:18'),
(26, 4, 'Google', '/tags/1637579228.png', '2021-11-19 13:30:47', '2021-11-22 11:07:08'),
(27, 4, 'fortnite', '/tags/1638181115.png', '2021-11-22 07:36:14', '2021-11-29 10:18:35'),
(28, 1, 'fortnite', '/tags/1638166658.png', '2021-11-22 07:39:29', '2021-11-29 06:17:38'),
(29, 1, 'activision', '/tags/1638112930.png', '2021-11-22 07:46:50', '2021-11-28 15:22:10'),
(30, 4, 'activision', '/tags/1638113122.png', '2021-11-22 07:51:07', '2021-11-28 15:25:22'),
(31, 1, 'test', '/tags/1638172175.png', '2021-11-28 17:21:52', '2021-11-29 07:49:35'),
(32, 1, 'test2', '/tags/1638193337.png', '2021-11-29 07:51:30', '2021-11-29 13:42:17'),
(33, 5, 'fort', '/tags/1638203600.png', '2021-11-29 16:30:06', '2021-11-29 16:33:20'),
(34, 5, 'test', '/tags/1638256307.jpg', '2021-11-29 16:34:21', '2021-11-30 07:11:48'),
(35, 1, 'sssss', '/tags/1638204067.jpg', '2021-11-29 16:41:07', '2021-11-29 16:41:07');

-- --------------------------------------------------------

--
-- Table structure for table `users`
--

CREATE TABLE `users` (
  `id` bigint(20) UNSIGNED NOT NULL,
  `name` varchar(255) COLLATE utf8mb4_unicode_ci DEFAULT NULL,
  `email` varchar(255) COLLATE utf8mb4_unicode_ci DEFAULT NULL,
  `admin` int(11) NOT NULL DEFAULT 0,
  `email_verified_at` timestamp NULL DEFAULT NULL,
  `password` varchar(255) COLLATE utf8mb4_unicode_ci NOT NULL DEFAULT '',
  `remember_token` varchar(100) COLLATE utf8mb4_unicode_ci DEFAULT NULL,
  `created_at` timestamp NULL DEFAULT NULL,
  `updated_at` timestamp NULL DEFAULT NULL,
  `phone` varchar(20) COLLATE utf8mb4_unicode_ci NOT NULL
) ENGINE=InnoDB DEFAULT CHARSET=utf8mb4 COLLATE=utf8mb4_unicode_ci;

--
-- Dumping data for table `users`
--

INSERT INTO `users` (`id`, `name`, `email`, `admin`, `email_verified_at`, `password`, `remember_token`, `created_at`, `updated_at`, `phone`) VALUES
(14, 'salman', NULL, 0, NULL, '', NULL, '2021-10-09 03:53:10', '2021-10-19 09:19:33', '09388985620'),
(24, 'dastanrab9', NULL, 1, NULL, '$2y$10$/IuPlPr5cZS0bofffHvx0OT90rDqhdYDOp.yUYl/rh6e3xL8vOxNi', NULL, '2021-10-19 08:59:17', '2021-10-19 08:59:17', '09151072230'),
(25, 'dastanrab', 'dastanrab@gmail.com', 0, NULL, '', NULL, '2021-11-02 06:06:42', '2021-11-24 17:45:52', '09388985617'),
(26, NULL, NULL, 0, NULL, '', NULL, '2021-11-05 17:32:33', '2021-11-05 17:32:33', '09158992230'),
(27, NULL, NULL, 0, NULL, '', NULL, '2021-11-05 20:32:15', '2021-11-05 20:32:15', '09150629645'),
(28, 'مرتضی محمدی', 'mmmm@yahoo.com', 0, NULL, '', NULL, '2021-11-06 07:46:42', '2021-12-04 07:24:08', '09153199038'),
(29, NULL, NULL, 0, NULL, '', NULL, '2021-11-07 22:11:52', '2021-11-07 22:11:52', '09212251981'),
(30, NULL, NULL, 0, NULL, '', NULL, '2021-11-17 09:30:58', '2021-11-17 09:30:58', '09365821100'),
(31, 'sina.as', 'sina.sa.as@gmail.com', 0, NULL, '', NULL, '2021-11-23 06:51:55', '2021-12-11 08:04:16', '09151594244'),
(32, NULL, NULL, 0, NULL, '', NULL, '2021-11-23 18:23:38', '2021-11-23 18:23:38', '09335555555'),
(33, NULL, NULL, 0, NULL, '', NULL, '2021-11-25 07:16:51', '2021-11-25 07:16:51', '09308761234'),
(34, NULL, NULL, 0, NULL, '', NULL, '2021-11-25 07:34:35', '2021-11-25 07:34:35', '09023335561'),
(35, NULL, NULL, 0, NULL, '', NULL, '2021-11-26 09:25:06', '2021-11-26 09:25:06', '09155082934'),
(36, NULL, NULL, 0, NULL, '', NULL, '2021-11-26 16:11:54', '2021-11-26 16:11:54', '09215732263'),
(37, 'moein', 'mmd@gmail.com', 0, NULL, '', NULL, '2021-11-26 16:13:13', '2021-12-02 23:52:11', '09385299215'),
(38, NULL, NULL, 0, NULL, '', NULL, '2021-12-03 11:04:04', '2021-12-03 11:04:04', '09122977747'),
(39, NULL, NULL, 0, NULL, '', NULL, '2021-12-11 09:06:19', '2021-12-11 09:06:19', '09300693786');

--
-- Indexes for dumped tables
--

--
-- Indexes for table `abouts`
--
ALTER TABLE `abouts`
  ADD PRIMARY KEY (`id`);

--
-- Indexes for table `blocks`
--
ALTER TABLE `blocks`
  ADD PRIMARY KEY (`id`),
  ADD UNIQUE KEY `blocks_user_id_unique` (`user_id`);

--
-- Indexes for table `blogs`
--
ALTER TABLE `blogs`
  ADD PRIMARY KEY (`id`),
  ADD UNIQUE KEY `blogs_name_unique` (`name`),
  ADD KEY `blogs_user_id_foreign` (`user_id`);

--
-- Indexes for table `checks`
--
ALTER TABLE `checks`
  ADD PRIMARY KEY (`id`);

--
-- Indexes for table `codes`
--
ALTER TABLE `codes`
  ADD PRIMARY KEY (`id`),
  ADD UNIQUE KEY `codes_code_unique` (`code`),
  ADD KEY `codes_product_id_foreign` (`product_id`);

--
-- Indexes for table `contacts`
--
ALTER TABLE `contacts`
  ADD PRIMARY KEY (`id`),
  ADD UNIQUE KEY `contacts_email_unique` (`email`);

--
-- Indexes for table `countries`
--
ALTER TABLE `countries`
  ADD PRIMARY KEY (`id`),
  ADD UNIQUE KEY `countries_name_unique` (`name`);

--
-- Indexes for table `credits`
--
ALTER TABLE `credits`
  ADD PRIMARY KEY (`id`);

--
-- Indexes for table `delivers`
--
ALTER TABLE `delivers`
  ADD PRIMARY KEY (`id`),
  ADD KEY `delivers_user_id_foreign` (`user_id`);

--
-- Indexes for table `failed_jobs`
--
ALTER TABLE `failed_jobs`
  ADD PRIMARY KEY (`id`),
  ADD UNIQUE KEY `failed_jobs_uuid_unique` (`uuid`);

--
-- Indexes for table `fails`
--
ALTER TABLE `fails`
  ADD PRIMARY KEY (`id`),
  ADD KEY `fails_user_id_foreign` (`user_id`);

--
-- Indexes for table `images`
--
ALTER TABLE `images`
  ADD PRIMARY KEY (`id`),
  ADD KEY `images_about_id_foreign` (`about_id`);

--
-- Indexes for table `informers`
--
ALTER TABLE `informers`
  ADD PRIMARY KEY (`id`),
  ADD UNIQUE KEY `informers_email_unique` (`email`);

--
-- Indexes for table `jobs`
--
ALTER TABLE `jobs`
  ADD PRIMARY KEY (`id`),
  ADD KEY `jobs_queue_index` (`queue`);

--
-- Indexes for table `melis`
--
ALTER TABLE `melis`
  ADD PRIMARY KEY (`id`),
  ADD UNIQUE KEY `melis_user_id_unique` (`user_id`);

--
-- Indexes for table `migrations`
--
ALTER TABLE `migrations`
  ADD PRIMARY KEY (`id`);

--
-- Indexes for table `offers`
--
ALTER TABLE `offers`
  ADD PRIMARY KEY (`id`),
  ADD UNIQUE KEY `offers_product_id_unique` (`product_id`);

--
-- Indexes for table `password_resets`
--
ALTER TABLE `password_resets`
  ADD KEY `password_resets_email_index` (`email`);

--
-- Indexes for table `pays`
--
ALTER TABLE `pays`
  ADD PRIMARY KEY (`id`),
  ADD UNIQUE KEY `pays_code_unique` (`code`),
  ADD KEY `pays_user_id_foreign` (`user_id`);

--
-- Indexes for table `personal_access_tokens`
--
ALTER TABLE `personal_access_tokens`
  ADD PRIMARY KEY (`id`),
  ADD UNIQUE KEY `personal_access_tokens_token_unique` (`token`),
  ADD KEY `personal_access_tokens_tokenable_type_tokenable_id_index` (`tokenable_type`,`tokenable_id`);

--
-- Indexes for table `prices`
--
ALTER TABLE `prices`
  ADD PRIMARY KEY (`id`),
  ADD UNIQUE KEY `prices_doller_unique` (`doller`);

--
-- Indexes for table `products`
--
ALTER TABLE `products`
  ADD PRIMARY KEY (`id`),
  ADD KEY `products_tag_id_foreign` (`tag_id`),
  ADD KEY `products_credit_id_foreign` (`credit_id`),
  ADD KEY `products_price_id_foreign` (`price_id`);

--
-- Indexes for table `raws`
--
ALTER TABLE `raws`
  ADD PRIMARY KEY (`id`),
  ADD KEY `raws_user_id_foreign` (`user_id`);

--
-- Indexes for table `reviews`
--
ALTER TABLE `reviews`
  ADD PRIMARY KEY (`id`),
  ADD KEY `reviews_product_id_foreign` (`product_id`),
  ADD KEY `reviews_user_id_foreign` (`user_id`);

--
-- Indexes for table `tags`
--
ALTER TABLE `tags`
  ADD PRIMARY KEY (`id`),
  ADD KEY `tags_country_id_foreign` (`country_id`);

--
-- Indexes for table `users`
--
ALTER TABLE `users`
  ADD PRIMARY KEY (`id`),
  ADD UNIQUE KEY `users_phone_unique` (`phone`),
  ADD UNIQUE KEY `users_name_unique` (`name`),
  ADD UNIQUE KEY `users_email_unique` (`email`);

--
-- AUTO_INCREMENT for dumped tables
--

--
-- AUTO_INCREMENT for table `abouts`
--
ALTER TABLE `abouts`
  MODIFY `id` bigint(20) UNSIGNED NOT NULL AUTO_INCREMENT, AUTO_INCREMENT=2;

--
-- AUTO_INCREMENT for table `blocks`
--
ALTER TABLE `blocks`
  MODIFY `id` bigint(20) UNSIGNED NOT NULL AUTO_INCREMENT;

--
-- AUTO_INCREMENT for table `blogs`
--
ALTER TABLE `blogs`
  MODIFY `id` bigint(20) UNSIGNED NOT NULL AUTO_INCREMENT, AUTO_INCREMENT=6;

--
-- AUTO_INCREMENT for table `checks`
--
ALTER TABLE `checks`
  MODIFY `id` bigint(20) UNSIGNED NOT NULL AUTO_INCREMENT, AUTO_INCREMENT=5;

--
-- AUTO_INCREMENT for table `codes`
--
ALTER TABLE `codes`
  MODIFY `id` bigint(20) UNSIGNED NOT NULL AUTO_INCREMENT, AUTO_INCREMENT=293;

--
-- AUTO_INCREMENT for table `contacts`
--
ALTER TABLE `contacts`
  MODIFY `id` bigint(20) UNSIGNED NOT NULL AUTO_INCREMENT;

--
-- AUTO_INCREMENT for table `countries`
--
ALTER TABLE `countries`
  MODIFY `id` bigint(20) UNSIGNED NOT NULL AUTO_INCREMENT, AUTO_INCREMENT=6;

--
-- AUTO_INCREMENT for table `credits`
--
ALTER TABLE `credits`
  MODIFY `id` bigint(20) UNSIGNED NOT NULL AUTO_INCREMENT, AUTO_INCREMENT=6;

--
-- AUTO_INCREMENT for table `delivers`
--
ALTER TABLE `delivers`
  MODIFY `id` bigint(20) UNSIGNED NOT NULL AUTO_INCREMENT, AUTO_INCREMENT=2;

--
-- AUTO_INCREMENT for table `failed_jobs`
--
ALTER TABLE `failed_jobs`
  MODIFY `id` bigint(20) UNSIGNED NOT NULL AUTO_INCREMENT, AUTO_INCREMENT=10;

--
-- AUTO_INCREMENT for table `fails`
--
ALTER TABLE `fails`
  MODIFY `id` bigint(20) UNSIGNED NOT NULL AUTO_INCREMENT, AUTO_INCREMENT=3;

--
-- AUTO_INCREMENT for table `images`
--
ALTER TABLE `images`
  MODIFY `id` bigint(20) UNSIGNED NOT NULL AUTO_INCREMENT, AUTO_INCREMENT=3;

--
-- AUTO_INCREMENT for table `informers`
--
ALTER TABLE `informers`
  MODIFY `id` bigint(20) UNSIGNED NOT NULL AUTO_INCREMENT, AUTO_INCREMENT=4;

--
-- AUTO_INCREMENT for table `jobs`
--
ALTER TABLE `jobs`
  MODIFY `id` bigint(20) UNSIGNED NOT NULL AUTO_INCREMENT, AUTO_INCREMENT=100;

--
-- AUTO_INCREMENT for table `melis`
--
ALTER TABLE `melis`
  MODIFY `id` bigint(20) UNSIGNED NOT NULL AUTO_INCREMENT, AUTO_INCREMENT=4;

--
-- AUTO_INCREMENT for table `migrations`
--
ALTER TABLE `migrations`
  MODIFY `id` int(10) UNSIGNED NOT NULL AUTO_INCREMENT, AUTO_INCREMENT=39;

--
-- AUTO_INCREMENT for table `offers`
--
ALTER TABLE `offers`
  MODIFY `id` bigint(20) UNSIGNED NOT NULL AUTO_INCREMENT, AUTO_INCREMENT=15;

--
-- AUTO_INCREMENT for table `pays`
--
ALTER TABLE `pays`
  MODIFY `id` bigint(20) UNSIGNED NOT NULL AUTO_INCREMENT, AUTO_INCREMENT=23;

--
-- AUTO_INCREMENT for table `personal_access_tokens`
--
ALTER TABLE `personal_access_tokens`
  MODIFY `id` bigint(20) UNSIGNED NOT NULL AUTO_INCREMENT, AUTO_INCREMENT=80;

--
-- AUTO_INCREMENT for table `prices`
--
ALTER TABLE `prices`
  MODIFY `id` bigint(20) UNSIGNED NOT NULL AUTO_INCREMENT, AUTO_INCREMENT=13;

--
-- AUTO_INCREMENT for table `products`
--
ALTER TABLE `products`
  MODIFY `id` bigint(20) UNSIGNED NOT NULL AUTO_INCREMENT, AUTO_INCREMENT=76;

--
-- AUTO_INCREMENT for table `raws`
--
ALTER TABLE `raws`
  MODIFY `id` bigint(20) UNSIGNED NOT NULL AUTO_INCREMENT, AUTO_INCREMENT=25;

--
-- AUTO_INCREMENT for table `reviews`
--
ALTER TABLE `reviews`
  MODIFY `id` bigint(20) UNSIGNED NOT NULL AUTO_INCREMENT, AUTO_INCREMENT=11;

--
-- AUTO_INCREMENT for table `tags`
--
ALTER TABLE `tags`
  MODIFY `id` bigint(20) UNSIGNED NOT NULL AUTO_INCREMENT, AUTO_INCREMENT=36;

--
-- AUTO_INCREMENT for table `users`
--
ALTER TABLE `users`
  MODIFY `id` bigint(20) UNSIGNED NOT NULL AUTO_INCREMENT, AUTO_INCREMENT=40;

--
-- Constraints for dumped tables
--

--
-- Constraints for table `blocks`
--
ALTER TABLE `blocks`
  ADD CONSTRAINT `blocks_user_id_foreign` FOREIGN KEY (`user_id`) REFERENCES `users` (`id`) ON DELETE CASCADE;

--
-- Constraints for table `blogs`
--
ALTER TABLE `blogs`
  ADD CONSTRAINT `blogs_user_id_foreign` FOREIGN KEY (`user_id`) REFERENCES `users` (`id`) ON DELETE CASCADE;

--
-- Constraints for table `codes`
--
ALTER TABLE `codes`
  ADD CONSTRAINT `codes_product_id_foreign` FOREIGN KEY (`product_id`) REFERENCES `products` (`id`) ON DELETE CASCADE;

--
-- Constraints for table `delivers`
--
ALTER TABLE `delivers`
  ADD CONSTRAINT `delivers_user_id_foreign` FOREIGN KEY (`user_id`) REFERENCES `users` (`id`) ON DELETE CASCADE;

--
-- Constraints for table `fails`
--
ALTER TABLE `fails`
  ADD CONSTRAINT `fails_user_id_foreign` FOREIGN KEY (`user_id`) REFERENCES `users` (`id`) ON DELETE CASCADE;

--
-- Constraints for table `images`
--
ALTER TABLE `images`
  ADD CONSTRAINT `images_about_id_foreign` FOREIGN KEY (`about_id`) REFERENCES `abouts` (`id`) ON DELETE CASCADE ON UPDATE CASCADE;

--
-- Constraints for table `melis`
--
ALTER TABLE `melis`
  ADD CONSTRAINT `melis_user_id_foreign` FOREIGN KEY (`user_id`) REFERENCES `users` (`id`) ON DELETE CASCADE ON UPDATE CASCADE;

--
-- Constraints for table `offers`
--
ALTER TABLE `offers`
  ADD CONSTRAINT `offers_product_id_foreign` FOREIGN KEY (`product_id`) REFERENCES `products` (`id`) ON DELETE CASCADE;

--
-- Constraints for table `pays`
--
ALTER TABLE `pays`
  ADD CONSTRAINT `pays_user_id_foreign` FOREIGN KEY (`user_id`) REFERENCES `users` (`id`);

--
-- Constraints for table `products`
--
ALTER TABLE `products`
  ADD CONSTRAINT `products_credit_id_foreign` FOREIGN KEY (`credit_id`) REFERENCES `credits` (`id`),
  ADD CONSTRAINT `products_price_id_foreign` FOREIGN KEY (`price_id`) REFERENCES `prices` (`id`),
  ADD CONSTRAINT `products_tag_id_foreign` FOREIGN KEY (`tag_id`) REFERENCES `tags` (`id`) ON DELETE NO ACTION ON UPDATE CASCADE;

--
-- Constraints for table `raws`
--
ALTER TABLE `raws`
  ADD CONSTRAINT `raws_user_id_foreign` FOREIGN KEY (`user_id`) REFERENCES `users` (`id`) ON DELETE CASCADE;

--
-- Constraints for table `reviews`
--
ALTER TABLE `reviews`
  ADD CONSTRAINT `reviews_product_id_foreign` FOREIGN KEY (`product_id`) REFERENCES `products` (`id`),
  ADD CONSTRAINT `reviews_user_id_foreign` FOREIGN KEY (`user_id`) REFERENCES `users` (`id`);

--
-- Constraints for table `tags`
--
ALTER TABLE `tags`
  ADD CONSTRAINT `tags_country_id_foreign` FOREIGN KEY (`country_id`) REFERENCES `countries` (`id`);
COMMIT;

/*!40101 SET CHARACTER_SET_CLIENT=@OLD_CHARACTER_SET_CLIENT */;
/*!40101 SET CHARACTER_SET_RESULTS=@OLD_CHARACTER_SET_RESULTS */;
/*!40101 SET COLLATION_CONNECTION=@OLD_COLLATION_CONNECTION */;
